card_id,name,civilization,cost,card_type,power,race,text,tags
DMPC-0001,自然基礎の初動カード0001,自然,2,呪文,,,山札の上から1枚目をマナゾーンに置く。,仮カード;自然基礎;初動;低コスト;マナ加速
DMPC-0002,自然基礎の初動カード0002,自然,3,クリーチャー,1000,スノーフェアリー,山札の上から1枚目をマナゾーンに置く。,仮カード;自然基礎;初動;低コスト;マナ加速
DMPC-0003,自然基礎の除去カード0003,自然,3,呪文,,,相手の小型クリーチャーに干渉する。,仮カード;自然基礎;軽量除去;除去;テンポ
DMPC-0004,自然基礎の補給カード0004,自然,4,呪文,,,手札や山札を整え、次の展開につなげる。,仮カード;自然基礎;ドロー;リソース;手札補充
DMPC-0005,自然基礎の中核カード0005,自然,5,クリーチャー,4000,ビーストフォーク,中盤の盤面を支えるクリーチャー。,仮カード;自然基礎;中速;クリーチャー
DMPC-0006,自然基礎の防衛カード0006,自然,6,呪文,,,S・トリガー。相手の攻撃を止める防御札。,仮カード;自然基礎;S・トリガー;受け札;速攻対策;マナ送り
DMPC-0007,自然基礎の進化カード0007,自然,6,進化クリーチャー,9000,スノーフェアリー,進化。中盤から終盤の勝ち筋になる。,仮カード;自然基礎;進化;フィニッシャー;スノーフェアリー
DMPC-0008,自然基礎の進化元カード0008,自然,3,クリーチャー,2000,アース・ドラゴン,進化元として使いやすい軽量クリーチャー。,仮カード;自然基礎;進化元;低コスト;クリーチャー
DMPC-0009,自然基礎の決着カード0009,自然,7,クリーチャー,8000,ドリームメイト,W・ブレイカーを持つ大型フィニッシャー。,仮カード;自然基礎;フィニッシャー;大型;W・ブレイカー
DMPC-0010,自然基礎の連鎖カード0010,自然,5,呪文,,,条件を満たすと踏み倒しや特殊な展開につながる。,仮カード;自然基礎;コンボ;踏み倒し;未知性
DMPC-0011,自然基礎の初動カード0011,自然,2,呪文,,,山札の上から1枚目をマナゾーンに置く。,仮カード;自然基礎;初動;低コスト;マナ加速
DMPC-0012,自然基礎の初動カード0012,自然,3,クリーチャー,1000,スノーフェアリー,山札の上から1枚目をマナゾーンに置く。,仮カード;自然基礎;初動;低コスト;マナ加速
DMPC-0013,自然基礎の除去カード0013,自然,3,呪文,,,相手の小型クリーチャーに干渉する。,仮カード;自然基礎;軽量除去;除去;テンポ
DMPC-0014,自然基礎の補給カード0014,自然,4,呪文,,,手札や山札を整え、次の展開につなげる。,仮カード;自然基礎;ドロー;リソース;手札補充
DMPC-0015,自然基礎の中核カード0015,自然,5,クリーチャー,4000,ビーストフォーク,中盤の盤面を支えるクリーチャー。,仮カード;自然基礎;中速;クリーチャー
DMPC-0016,自然基礎の防衛カード0016,自然,6,呪文,,,S・トリガー。相手の攻撃を止める防御札。,仮カード;自然基礎;S・トリガー;受け札;速攻対策;マナ送り
DMPC-0017,自然基礎の進化カード0017,自然,6,進化クリーチャー,9000,スノーフェアリー,進化。中盤から終盤の勝ち筋になる。,仮カード;自然基礎;進化;フィニッシャー;スノーフェアリー
DMPC-0018,自然基礎の進化元カード0018,自然,3,クリーチャー,2000,アース・ドラゴン,進化元として使いやすい軽量クリーチャー。,仮カード;自然基礎;進化元;低コスト;クリーチャー
DMPC-0019,自然基礎の決着カード0019,自然,7,クリーチャー,8000,ドリームメイト,W・ブレイカーを持つ大型フィニッシャー。,仮カード;自然基礎;フィニッシャー;大型;W・ブレイカー
DMPC-0020,自然基礎の連鎖カード0020,自然,5,呪文,,,条件を満たすと踏み倒しや特殊な展開につながる。,仮カード;自然基礎;コンボ;踏み倒し;未知性
DMPC-0021,自然基礎の初動カード0021,自然,2,呪文,,,山札の上から1枚目をマナゾーンに置く。,仮カード;自然基礎;初動;低コスト;マナ加速
DMPC-0022,自然基礎の初動カード0022,自然,3,クリーチャー,1000,スノーフェアリー,山札の上から1枚目をマナゾーンに置く。,仮カード;自然基礎;初動;低コスト;マナ加速
DMPC-0023,自然基礎の除去カード0023,自然,3,呪文,,,相手の小型クリーチャーに干渉する。,仮カード;自然基礎;軽量除去;除去;テンポ
DMPC-0024,自然基礎の補給カード0024,自然,4,呪文,,,手札や山札を整え、次の展開につなげる。,仮カード;自然基礎;ドロー;リソース;手札補充
DMPC-0025,自然基礎の中核カード0025,自然,5,クリーチャー,4000,ビーストフォーク,中盤の盤面を支えるクリーチャー。,仮カード;自然基礎;中速;クリーチャー
DMPC-0026,自然基礎の防衛カード0026,自然,6,呪文,,,S・トリガー。相手の攻撃を止める防御札。,仮カード;自然基礎;S・トリガー;受け札;速攻対策;マナ送り
DMPC-0027,自然基礎の進化カード0027,自然,6,進化クリーチャー,9000,スノーフェアリー,進化。中盤から終盤の勝ち筋になる。,仮カード;自然基礎;進化;フィニッシャー;スノーフェアリー
DMPC-0028,自然基礎の進化元カード0028,自然,3,クリーチャー,2000,アース・ドラゴン,進化元として使いやすい軽量クリーチャー。,仮カード;自然基礎;進化元;低コスト;クリーチャー
DMPC-0029,自然基礎の決着カード0029,自然,7,クリーチャー,8000,ドリームメイト,W・ブレイカーを持つ大型フィニッシャー。,仮カード;自然基礎;フィニッシャー;大型;W・ブレイカー
DMPC-0030,自然基礎の連鎖カード0030,自然,5,呪文,,,条件を満たすと踏み倒しや特殊な展開につながる。,仮カード;自然基礎;コンボ;踏み倒し;未知性
DMPC-0031,自然基礎の初動カード0031,自然,2,呪文,,,山札の上から1枚目をマナゾーンに置く。,仮カード;自然基礎;初動;低コスト;マナ加速
DMPC-0032,自然基礎の初動カード0032,自然,3,クリーチャー,1000,スノーフェアリー,山札の上から1枚目をマナゾーンに置く。,仮カード;自然基礎;初動;低コスト;マナ加速
DMPC-0033,自然基礎の除去カード0033,自然,3,呪文,,,相手の小型クリーチャーに干渉する。,仮カード;自然基礎;軽量除去;除去;テンポ
DMPC-0034,自然基礎の補給カード0034,自然,4,呪文,,,手札や山札を整え、次の展開につなげる。,仮カード;自然基礎;ドロー;リソース;手札補充
DMPC-0035,自然基礎の中核カード0035,自然,5,クリーチャー,4000,ビーストフォーク,中盤の盤面を支えるクリーチャー。,仮カード;自然基礎;中速;クリーチャー
DMPC-0036,自然基礎の防衛カード0036,自然,6,呪文,,,S・トリガー。相手の攻撃を止める防御札。,仮カード;自然基礎;S・トリガー;受け札;速攻対策;マナ送り
DMPC-0037,自然基礎の進化カード0037,自然,6,進化クリーチャー,9000,スノーフェアリー,進化。中盤から終盤の勝ち筋になる。,仮カード;自然基礎;進化;フィニッシャー;スノーフェアリー
DMPC-0038,自然基礎の進化元カード0038,自然,3,クリーチャー,2000,アース・ドラゴン,進化元として使いやすい軽量クリーチャー。,仮カード;自然基礎;進化元;低コスト;クリーチャー
DMPC-0039,自然基礎の決着カード0039,自然,7,クリーチャー,8000,ドリームメイト,W・ブレイカーを持つ大型フィニッシャー。,仮カード;自然基礎;フィニッシャー;大型;W・ブレイカー
DMPC-0040,自然基礎の連鎖カード0040,自然,5,呪文,,,条件を満たすと踏み倒しや特殊な展開につながる。,仮カード;自然基礎;コンボ;踏み倒し;未知性
DMPC-0041,自然基礎の初動カード0041,自然,2,呪文,,,山札の上から1枚目をマナゾーンに置く。,仮カード;自然基礎;初動;低コスト;マナ加速
DMPC-0042,自然基礎の初動カード0042,自然,3,クリーチャー,1000,スノーフェアリー,山札の上から1枚目をマナゾーンに置く。,仮カード;自然基礎;初動;低コスト;マナ加速
DMPC-0043,自然基礎の除去カード0043,自然,3,呪文,,,相手の小型クリーチャーに干渉する。,仮カード;自然基礎;軽量除去;除去;テンポ
DMPC-0044,自然基礎の補給カード0044,自然,4,呪文,,,手札や山札を整え、次の展開につなげる。,仮カード;自然基礎;ドロー;リソース;手札補充
DMPC-0045,自然基礎の中核カード0045,自然,5,クリーチャー,4000,ビーストフォーク,中盤の盤面を支えるクリーチャー。,仮カード;自然基礎;中速;クリーチャー
DMPC-0046,自然基礎の防衛カード0046,自然,6,呪文,,,S・トリガー。相手の攻撃を止める防御札。,仮カード;自然基礎;S・トリガー;受け札;速攻対策;マナ送り
DMPC-0047,自然基礎の進化カード0047,自然,6,進化クリーチャー,9000,スノーフェアリー,進化。中盤から終盤の勝ち筋になる。,仮カード;自然基礎;進化;フィニッシャー;スノーフェアリー
DMPC-0048,自然基礎の進化元カード0048,自然,3,クリーチャー,2000,アース・ドラゴン,進化元として使いやすい軽量クリーチャー。,仮カード;自然基礎;進化元;低コスト;クリーチャー
DMPC-0049,自然基礎の決着カード0049,自然,7,クリーチャー,8000,ドリームメイト,W・ブレイカーを持つ大型フィニッシャー。,仮カード;自然基礎;フィニッシャー;大型;W・ブレイカー
DMPC-0050,自然基礎の連鎖カード0050,自然,5,呪文,,,条件を満たすと踏み倒しや特殊な展開につながる。,仮カード;自然基礎;コンボ;踏み倒し;未知性
DMPC-0051,水基礎の初動カード0051,水,2,呪文,,,カードを1枚引く。,仮カード;水基礎;初動;低コスト;ドロー;リソース
DMPC-0052,水基礎の初動カード0052,水,3,クリーチャー,1000,リヴァイアサン,カードを1枚引く。,仮カード;水基礎;初動;低コスト;ドロー;リソース
DMPC-0053,水基礎の除去カード0053,水,3,呪文,,,相手の小型クリーチャーに干渉する。,仮カード;水基礎;軽量除去;除去;テンポ
DMPC-0054,水基礎の補給カード0054,水,4,呪文,,,手札や山札を整え、次の展開につなげる。,仮カード;水基礎;ドロー;リソース;手札補充
DMPC-0055,水基礎の中核カード0055,水,5,クリーチャー,4000,リキッド・ピープル,中盤の盤面を支えるクリーチャー。,仮カード;水基礎;中速;クリーチャー
DMPC-0056,水基礎の防衛カード0056,水,6,呪文,,,S・トリガー。相手の攻撃を止める防御札。,仮カード;水基礎;S・トリガー;受け札;速攻対策;バウンス
DMPC-0057,水基礎の進化カード0057,水,6,進化クリーチャー,9000,リヴァイアサン,進化。中盤から終盤の勝ち筋になる。,仮カード;水基礎;進化;フィニッシャー;リヴァイアサン
DMPC-0058,水基礎の進化元カード0058,水,3,クリーチャー,2000,サイバー・コマンド,進化元として使いやすい軽量クリーチャー。,仮カード;水基礎;進化元;低コスト;クリーチャー
DMPC-0059,水基礎の決着カード0059,水,7,クリーチャー,8000,グレートメカオー,W・ブレイカーを持つ大型フィニッシャー。,仮カード;水基礎;フィニッシャー;大型;W・ブレイカー
DMPC-0060,水基礎の連鎖カード0060,水,5,呪文,,,条件を満たすと踏み倒しや特殊な展開につながる。,仮カード;水基礎;コンボ;踏み倒し;未知性
DMPC-0061,水基礎の初動カード0061,水,2,呪文,,,カードを1枚引く。,仮カード;水基礎;初動;低コスト;ドロー;リソース
DMPC-0062,水基礎の初動カード0062,水,3,クリーチャー,1000,リヴァイアサン,カードを1枚引く。,仮カード;水基礎;初動;低コスト;ドロー;リソース
DMPC-0063,水基礎の除去カード0063,水,3,呪文,,,相手の小型クリーチャーに干渉する。,仮カード;水基礎;軽量除去;除去;テンポ
DMPC-0064,水基礎の補給カード0064,水,4,呪文,,,手札や山札を整え、次の展開につなげる。,仮カード;水基礎;ドロー;リソース;手札補充
DMPC-0065,水基礎の中核カード0065,水,5,クリーチャー,4000,リキッド・ピープル,中盤の盤面を支えるクリーチャー。,仮カード;水基礎;中速;クリーチャー
DMPC-0066,水基礎の防衛カード0066,水,6,呪文,,,S・トリガー。相手の攻撃を止める防御札。,仮カード;水基礎;S・トリガー;受け札;速攻対策;バウンス
DMPC-0067,水基礎の進化カード0067,水,6,進化クリーチャー,9000,リヴァイアサン,進化。中盤から終盤の勝ち筋になる。,仮カード;水基礎;進化;フィニッシャー;リヴァイアサン
DMPC-0068,水基礎の進化元カード0068,水,3,クリーチャー,2000,サイバー・コマンド,進化元として使いやすい軽量クリーチャー。,仮カード;水基礎;進化元;低コスト;クリーチャー
DMPC-0069,水基礎の決着カード0069,水,7,クリーチャー,8000,グレートメカオー,W・ブレイカーを持つ大型フィニッシャー。,仮カード;水基礎;フィニッシャー;大型;W・ブレイカー
DMPC-0070,水基礎の連鎖カード0070,水,5,呪文,,,条件を満たすと踏み倒しや特殊な展開につながる。,仮カード;水基礎;コンボ;踏み倒し;未知性
DMPC-0071,水基礎の初動カード0071,水,2,呪文,,,カードを1枚引く。,仮カード;水基礎;初動;低コスト;ドロー;リソース
DMPC-0072,水基礎の初動カード0072,水,3,クリーチャー,1000,リヴァイアサン,カードを1枚引く。,仮カード;水基礎;初動;低コスト;ドロー;リソース
DMPC-0073,水基礎の除去カード0073,水,3,呪文,,,相手の小型クリーチャーに干渉する。,仮カード;水基礎;軽量除去;除去;テンポ
DMPC-0074,水基礎の補給カード0074,水,4,呪文,,,手札や山札を整え、次の展開につなげる。,仮カード;水基礎;ドロー;リソース;手札補充
DMPC-0075,水基礎の中核カード0075,水,5,クリーチャー,4000,リキッド・ピープル,中盤の盤面を支えるクリーチャー。,仮カード;水基礎;中速;クリーチャー
DMPC-0076,水基礎の防衛カード0076,水,6,呪文,,,S・トリガー。相手の攻撃を止める防御札。,仮カード;水基礎;S・トリガー;受け札;速攻対策;バウンス
DMPC-0077,水基礎の進化カード0077,水,6,進化クリーチャー,9000,リヴァイアサン,進化。中盤から終盤の勝ち筋になる。,仮カード;水基礎;進化;フィニッシャー;リヴァイアサン
DMPC-0078,水基礎の進化元カード0078,水,3,クリーチャー,2000,サイバー・コマンド,進化元として使いやすい軽量クリーチャー。,仮カード;水基礎;進化元;低コスト;クリーチャー
DMPC-0079,水基礎の決着カード0079,水,7,クリーチャー,8000,グレートメカオー,W・ブレイカーを持つ大型フィニッシャー。,仮カード;水基礎;フィニッシャー;大型;W・ブレイカー
DMPC-0080,水基礎の連鎖カード0080,水,5,呪文,,,条件を満たすと踏み倒しや特殊な展開につながる。,仮カード;水基礎;コンボ;踏み倒し;未知性
DMPC-0081,水基礎の初動カード0081,水,2,呪文,,,カードを1枚引く。,仮カード;水基礎;初動;低コスト;ドロー;リソース
DMPC-0082,水基礎の初動カード0082,水,3,クリーチャー,1000,リヴァイアサン,カードを1枚引く。,仮カード;水基礎;初動;低コスト;ドロー;リソース
DMPC-0083,水基礎の除去カード0083,水,3,呪文,,,相手の小型クリーチャーに干渉する。,仮カード;水基礎;軽量除去;除去;テンポ
DMPC-0084,水基礎の補給カード0084,水,4,呪文,,,手札や山札を整え、次の展開につなげる。,仮カード;水基礎;ドロー;リソース;手札補充
DMPC-0085,水基礎の中核カード0085,水,5,クリーチャー,4000,リキッド・ピープル,中盤の盤面を支えるクリーチャー。,仮カード;水基礎;中速;クリーチャー
DMPC-0086,水基礎の防衛カード0086,水,6,呪文,,,S・トリガー。相手の攻撃を止める防御札。,仮カード;水基礎;S・トリガー;受け札;速攻対策;バウンス
DMPC-0087,水基礎の進化カード0087,水,6,進化クリーチャー,9000,リヴァイアサン,進化。中盤から終盤の勝ち筋になる。,仮カード;水基礎;進化;フィニッシャー;リヴァイアサン
DMPC-0088,水基礎の進化元カード0088,水,3,クリーチャー,2000,サイバー・コマンド,進化元として使いやすい軽量クリーチャー。,仮カード;水基礎;進化元;低コスト;クリーチャー
DMPC-0089,水基礎の決着カード0089,水,7,クリーチャー,8000,グレートメカオー,W・ブレイカーを持つ大型フィニッシャー。,仮カード;水基礎;フィニッシャー;大型;W・ブレイカー
DMPC-0090,水基礎の連鎖カード0090,水,5,呪文,,,条件を満たすと踏み倒しや特殊な展開につながる。,仮カード;水基礎;コンボ;踏み倒し;未知性
DMPC-0091,水基礎の初動カード0091,水,2,呪文,,,カードを1枚引く。,仮カード;水基礎;初動;低コスト;ドロー;リソース
DMPC-0092,水基礎の初動カード0092,水,3,クリーチャー,1000,リヴァイアサン,カードを1枚引く。,仮カード;水基礎;初動;低コスト;ドロー;リソース
DMPC-0093,水基礎の除去カード0093,水,3,呪文,,,相手の小型クリーチャーに干渉する。,仮カード;水基礎;軽量除去;除去;テンポ
DMPC-0094,水基礎の補給カード0094,水,4,呪文,,,手札や山札を整え、次の展開につなげる。,仮カード;水基礎;ドロー;リソース;手札補充
DMPC-0095,水基礎の中核カード0095,水,5,クリーチャー,4000,リキッド・ピープル,中盤の盤面を支えるクリーチャー。,仮カード;水基礎;中速;クリーチャー
DMPC-0096,水基礎の防衛カード0096,水,6,呪文,,,S・トリガー。相手の攻撃を止める防御札。,仮カード;水基礎;S・トリガー;受け札;速攻対策;バウンス
DMPC-0097,水基礎の進化カード0097,水,6,進化クリーチャー,9000,リヴァイアサン,進化。中盤から終盤の勝ち筋になる。,仮カード;水基礎;進化;フィニッシャー;リヴァイアサン
DMPC-0098,水基礎の進化元カード0098,水,3,クリーチャー,2000,サイバー・コマンド,進化元として使いやすい軽量クリーチャー。,仮カード;水基礎;進化元;低コスト;クリーチャー
DMPC-0099,水基礎の決着カード0099,水,7,クリーチャー,8000,グレートメカオー,W・ブレイカーを持つ大型フィニッシャー。,仮カード;水基礎;フィニッシャー;大型;W・ブレイカー
DMPC-0100,水基礎の連鎖カード0100,水,5,呪文,,,条件を満たすと踏み倒しや特殊な展開につながる。,仮カード;水基礎;コンボ;踏み倒し;未知性
DMPC-0101,闇基礎の初動カード0101,闇,2,呪文,,,相手は自身の手札を1枚捨てる。,仮カード;闇基礎;初動;低コスト;ハンデス;妨害
DMPC-0102,闇基礎の初動カード0102,闇,3,クリーチャー,1000,ドラゴン・ゾンビ,相手は自身の手札を1枚捨てる。,仮カード;闇基礎;初動;低コスト;ハンデス;妨害
DMPC-0103,闇基礎の除去カード0103,闇,3,呪文,,,相手の小型クリーチャーに干渉する。,仮カード;闇基礎;軽量除去;除去;テンポ
DMPC-0104,闇基礎の補給カード0104,闇,4,呪文,,,手札や山札を整え、次の展開につなげる。,仮カード;闇基礎;ドロー;リソース;手札補充
DMPC-0105,闇基礎の中核カード0105,闇,5,クリーチャー,4000,デーモン・コマンド,中盤の盤面を支えるクリーチャー。,仮カード;闇基礎;中速;クリーチャー
DMPC-0106,闇基礎の防衛カード0106,闇,6,呪文,,,S・トリガー。相手の攻撃を止める防御札。,仮カード;闇基礎;S・トリガー;受け札;速攻対策;除去
DMPC-0107,闇基礎の進化カード0107,闇,6,進化クリーチャー,9000,ドラゴン・ゾンビ,進化。中盤から終盤の勝ち筋になる。,仮カード;闇基礎;進化;フィニッシャー;ドラゴン・ゾンビ
DMPC-0108,闇基礎の進化元カード0108,闇,3,クリーチャー,2000,ゴースト,進化元として使いやすい軽量クリーチャー。,仮カード;闇基礎;進化元;低コスト;クリーチャー
DMPC-0109,闇基礎の決着カード0109,闇,7,クリーチャー,8000,グランド・デビル,W・ブレイカーを持つ大型フィニッシャー。,仮カード;闇基礎;フィニッシャー;大型;W・ブレイカー
DMPC-0110,闇基礎の連鎖カード0110,闇,5,呪文,,,条件を満たすと踏み倒しや特殊な展開につながる。,仮カード;闇基礎;コンボ;踏み倒し;未知性
DMPC-0111,闇基礎の初動カード0111,闇,2,呪文,,,相手は自身の手札を1枚捨てる。,仮カード;闇基礎;初動;低コスト;ハンデス;妨害
DMPC-0112,闇基礎の初動カード0112,闇,3,クリーチャー,1000,ドラゴン・ゾンビ,相手は自身の手札を1枚捨てる。,仮カード;闇基礎;初動;低コスト;ハンデス;妨害
DMPC-0113,闇基礎の除去カード0113,闇,3,呪文,,,相手の小型クリーチャーに干渉する。,仮カード;闇基礎;軽量除去;除去;テンポ
DMPC-0114,闇基礎の補給カード0114,闇,4,呪文,,,手札や山札を整え、次の展開につなげる。,仮カード;闇基礎;ドロー;リソース;手札補充
DMPC-0115,闇基礎の中核カード0115,闇,5,クリーチャー,4000,デーモン・コマンド,中盤の盤面を支えるクリーチャー。,仮カード;闇基礎;中速;クリーチャー
DMPC-0116,闇基礎の防衛カード0116,闇,6,呪文,,,S・トリガー。相手の攻撃を止める防御札。,仮カード;闇基礎;S・トリガー;受け札;速攻対策;除去
DMPC-0117,闇基礎の進化カード0117,闇,6,進化クリーチャー,9000,ドラゴン・ゾンビ,進化。中盤から終盤の勝ち筋になる。,仮カード;闇基礎;進化;フィニッシャー;ドラゴン・ゾンビ
DMPC-0118,闇基礎の進化元カード0118,闇,3,クリーチャー,2000,ゴースト,進化元として使いやすい軽量クリーチャー。,仮カード;闇基礎;進化元;低コスト;クリーチャー
DMPC-0119,闇基礎の決着カード0119,闇,7,クリーチャー,8000,グランド・デビル,W・ブレイカーを持つ大型フィニッシャー。,仮カード;闇基礎;フィニッシャー;大型;W・ブレイカー
DMPC-0120,闇基礎の連鎖カード0120,闇,5,呪文,,,条件を満たすと踏み倒しや特殊な展開につながる。,仮カード;闇基礎;コンボ;踏み倒し;未知性
DMPC-0121,闇基礎の初動カード0121,闇,2,呪文,,,相手は自身の手札を1枚捨てる。,仮カード;闇基礎;初動;低コスト;ハンデス;妨害
DMPC-0122,闇基礎の初動カード0122,闇,3,クリーチャー,1000,ドラゴン・ゾンビ,相手は自身の手札を1枚捨てる。,仮カード;闇基礎;初動;低コスト;ハンデス;妨害
DMPC-0123,闇基礎の除去カード0123,闇,3,呪文,,,相手の小型クリーチャーに干渉する。,仮カード;闇基礎;軽量除去;除去;テンポ
DMPC-0124,闇基礎の補給カード0124,闇,4,呪文,,,手札や山札を整え、次の展開につなげる。,仮カード;闇基礎;ドロー;リソース;手札補充
DMPC-0125,闇基礎の中核カード0125,闇,5,クリーチャー,4000,デーモン・コマンド,中盤の盤面を支えるクリーチャー。,仮カード;闇基礎;中速;クリーチャー
DMPC-0126,闇基礎の防衛カード0126,闇,6,呪文,,,S・トリガー。相手の攻撃を止める防御札。,仮カード;闇基礎;S・トリガー;受け札;速攻対策;除去
DMPC-0127,闇基礎の進化カード0127,闇,6,進化クリーチャー,9000,ドラゴン・ゾンビ,進化。中盤から終盤の勝ち筋になる。,仮カード;闇基礎;進化;フィニッシャー;ドラゴン・ゾンビ
DMPC-0128,闇基礎の進化元カード0128,闇,3,クリーチャー,2000,ゴースト,進化元として使いやすい軽量クリーチャー。,仮カード;闇基礎;進化元;低コスト;クリーチャー
DMPC-0129,闇基礎の決着カード0129,闇,7,クリーチャー,8000,グランド・デビル,W・ブレイカーを持つ大型フィニッシャー。,仮カード;闇基礎;フィニッシャー;大型;W・ブレイカー
DMPC-0130,闇基礎の連鎖カード0130,闇,5,呪文,,,条件を満たすと踏み倒しや特殊な展開につながる。,仮カード;闇基礎;コンボ;踏み倒し;未知性
DMPC-0131,闇基礎の初動カード0131,闇,2,呪文,,,相手は自身の手札を1枚捨てる。,仮カード;闇基礎;初動;低コスト;ハンデス;妨害
DMPC-0132,闇基礎の初動カード0132,闇,3,クリーチャー,1000,ドラゴン・ゾンビ,相手は自身の手札を1枚捨てる。,仮カード;闇基礎;初動;低コスト;ハンデス;妨害
DMPC-0133,闇基礎の除去カード0133,闇,3,呪文,,,相手の小型クリーチャーに干渉する。,仮カード;闇基礎;軽量除去;除去;テンポ
DMPC-0134,闇基礎の補給カード0134,闇,4,呪文,,,手札や山札を整え、次の展開につなげる。,仮カード;闇基礎;ドロー;リソース;手札補充
DMPC-0135,闇基礎の中核カード0135,闇,5,クリーチャー,4000,デーモン・コマンド,中盤の盤面を支えるクリーチャー。,仮カード;闇基礎;中速;クリーチャー
DMPC-0136,闇基礎の防衛カード0136,闇,6,呪文,,,S・トリガー。相手の攻撃を止める防御札。,仮カード;闇基礎;S・トリガー;受け札;速攻対策;除去
DMPC-0137,闇基礎の進化カード0137,闇,6,進化クリーチャー,9000,ドラゴン・ゾンビ,進化。中盤から終盤の勝ち筋になる。,仮カード;闇基礎;進化;フィニッシャー;ドラゴン・ゾンビ
DMPC-0138,闇基礎の進化元カード0138,闇,3,クリーチャー,2000,ゴースト,進化元として使いやすい軽量クリーチャー。,仮カード;闇基礎;進化元;低コスト;クリーチャー
DMPC-0139,闇基礎の決着カード0139,闇,7,クリーチャー,8000,グランド・デビル,W・ブレイカーを持つ大型フィニッシャー。,仮カード;闇基礎;フィニッシャー;大型;W・ブレイカー
DMPC-0140,闇基礎の連鎖カード0140,闇,5,呪文,,,条件を満たすと踏み倒しや特殊な展開につながる。,仮カード;闇基礎;コンボ;踏み倒し;未知性
DMPC-0141,闇基礎の初動カード0141,闇,2,呪文,,,相手は自身の手札を1枚捨てる。,仮カード;闇基礎;初動;低コスト;ハンデス;妨害
DMPC-0142,闇基礎の初動カード0142,闇,3,クリーチャー,1000,ドラゴン・ゾンビ,相手は自身の手札を1枚捨てる。,仮カード;闇基礎;初動;低コスト;ハンデス;妨害
DMPC-0143,闇基礎の除去カード0143,闇,3,呪文,,,相手の小型クリーチャーに干渉する。,仮カード;闇基礎;軽量除去;除去;テンポ
DMPC-0144,闇基礎の補給カード0144,闇,4,呪文,,,手札や山札を整え、次の展開につなげる。,仮カード;闇基礎;ドロー;リソース;手札補充
DMPC-0145,闇基礎の中核カード0145,闇,5,クリーチャー,4000,デーモン・コマンド,中盤の盤面を支えるクリーチャー。,仮カード;闇基礎;中速;クリーチャー
DMPC-0146,闇基礎の防衛カード0146,闇,6,呪文,,,S・トリガー。相手の攻撃を止める防御札。,仮カード;闇基礎;S・トリガー;受け札;速攻対策;除去
DMPC-0147,闇基礎の進化カード0147,闇,6,進化クリーチャー,9000,ドラゴン・ゾンビ,進化。中盤から終盤の勝ち筋になる。,仮カード;闇基礎;進化;フィニッシャー;ドラゴン・ゾンビ
DMPC-0148,闇基礎の進化元カード0148,闇,3,クリーチャー,2000,ゴースト,進化元として使いやすい軽量クリーチャー。,仮カード;闇基礎;進化元;低コスト;クリーチャー
DMPC-0149,闇基礎の決着カード0149,闇,7,クリーチャー,8000,グランド・デビル,W・ブレイカーを持つ大型フィニッシャー。,仮カード;闇基礎;フィニッシャー;大型;W・ブレイカー
DMPC-0150,闇基礎の連鎖カード0150,闇,5,呪文,,,条件を満たすと踏み倒しや特殊な展開につながる。,仮カード;闇基礎;コンボ;踏み倒し;未知性
DMPC-0151,火基礎の初動カード0151,火,2,呪文,,,序盤から攻撃する軽量カード。,仮カード;火基礎;初動;低コスト;速攻
DMPC-0152,火基礎の初動カード0152,火,3,クリーチャー,1000,ドラゴノイド,序盤から攻撃する軽量カード。,仮カード;火基礎;初動;低コスト;速攻
DMPC-0153,火基礎の除去カード0153,火,3,呪文,,,相手の小型クリーチャーに干渉する。,仮カード;火基礎;軽量除去;除去;テンポ
DMPC-0154,火基礎の補給カード0154,火,4,呪文,,,手札や山札を整え、次の展開につなげる。,仮カード;火基礎;ドロー;リソース;手札補充
DMPC-0155,火基礎の中核カード0155,火,5,クリーチャー,4000,アーマード・ドラゴン,中盤の盤面を支えるクリーチャー。,仮カード;火基礎;中速;クリーチャー
DMPC-0156,火基礎の防衛カード0156,火,6,呪文,,,S・トリガー。相手の攻撃を止める防御札。,仮カード;火基礎;S・トリガー;受け札;速攻対策;全体除去
DMPC-0157,火基礎の進化カード0157,火,6,進化クリーチャー,9000,ドラゴノイド,進化。中盤から終盤の勝ち筋になる。,仮カード;火基礎;進化;フィニッシャー;ドラゴノイド
DMPC-0158,火基礎の進化元カード0158,火,3,クリーチャー,2000,ファイアー・バード,進化元として使いやすい軽量クリーチャー。,仮カード;火基礎;進化元;低コスト;クリーチャー
DMPC-0159,火基礎の決着カード0159,火,7,クリーチャー,8000,アウトレイジ,W・ブレイカーを持つ大型フィニッシャー。,仮カード;火基礎;フィニッシャー;大型;W・ブレイカー
DMPC-0160,火基礎の連鎖カード0160,火,5,呪文,,,条件を満たすと踏み倒しや特殊な展開につながる。,仮カード;火基礎;コンボ;踏み倒し;未知性
DMPC-0161,火基礎の初動カード0161,火,2,呪文,,,序盤から攻撃する軽量カード。,仮カード;火基礎;初動;低コスト;速攻
DMPC-0162,火基礎の初動カード0162,火,3,クリーチャー,1000,ドラゴノイド,序盤から攻撃する軽量カード。,仮カード;火基礎;初動;低コスト;速攻
DMPC-0163,火基礎の除去カード0163,火,3,呪文,,,相手の小型クリーチャーに干渉する。,仮カード;火基礎;軽量除去;除去;テンポ
DMPC-0164,火基礎の補給カード0164,火,4,呪文,,,手札や山札を整え、次の展開につなげる。,仮カード;火基礎;ドロー;リソース;手札補充
DMPC-0165,火基礎の中核カード0165,火,5,クリーチャー,4000,アーマード・ドラゴン,中盤の盤面を支えるクリーチャー。,仮カード;火基礎;中速;クリーチャー
DMPC-0166,火基礎の防衛カード0166,火,6,呪文,,,S・トリガー。相手の攻撃を止める防御札。,仮カード;火基礎;S・トリガー;受け札;速攻対策;全体除去
DMPC-0167,火基礎の進化カード0167,火,6,進化クリーチャー,9000,ドラゴノイド,進化。中盤から終盤の勝ち筋になる。,仮カード;火基礎;進化;フィニッシャー;ドラゴノイド
DMPC-0168,火基礎の進化元カード0168,火,3,クリーチャー,2000,ファイアー・バード,進化元として使いやすい軽量クリーチャー。,仮カード;火基礎;進化元;低コスト;クリーチャー
DMPC-0169,火基礎の決着カード0169,火,7,クリーチャー,8000,アウトレイジ,W・ブレイカーを持つ大型フィニッシャー。,仮カード;火基礎;フィニッシャー;大型;W・ブレイカー
DMPC-0170,火基礎の連鎖カード0170,火,5,呪文,,,条件を満たすと踏み倒しや特殊な展開につながる。,仮カード;火基礎;コンボ;踏み倒し;未知性
DMPC-0171,火基礎の初動カード0171,火,2,呪文,,,序盤から攻撃する軽量カード。,仮カード;火基礎;初動;低コスト;速攻
DMPC-0172,火基礎の初動カード0172,火,3,クリーチャー,1000,ドラゴノイド,序盤から攻撃する軽量カード。,仮カード;火基礎;初動;低コスト;速攻
DMPC-0173,火基礎の除去カード0173,火,3,呪文,,,相手の小型クリーチャーに干渉する。,仮カード;火基礎;軽量除去;除去;テンポ
DMPC-0174,火基礎の補給カード0174,火,4,呪文,,,手札や山札を整え、次の展開につなげる。,仮カード;火基礎;ドロー;リソース;手札補充
DMPC-0175,火基礎の中核カード0175,火,5,クリーチャー,4000,アーマード・ドラゴン,中盤の盤面を支えるクリーチャー。,仮カード;火基礎;中速;クリーチャー
DMPC-0176,火基礎の防衛カード0176,火,6,呪文,,,S・トリガー。相手の攻撃を止める防御札。,仮カード;火基礎;S・トリガー;受け札;速攻対策;全体除去
DMPC-0177,火基礎の進化カード0177,火,6,進化クリーチャー,9000,ドラゴノイド,進化。中盤から終盤の勝ち筋になる。,仮カード;火基礎;進化;フィニッシャー;ドラゴノイド
DMPC-0178,火基礎の進化元カード0178,火,3,クリーチャー,2000,ファイアー・バード,進化元として使いやすい軽量クリーチャー。,仮カード;火基礎;進化元;低コスト;クリーチャー
DMPC-0179,火基礎の決着カード0179,火,7,クリーチャー,8000,アウトレイジ,W・ブレイカーを持つ大型フィニッシャー。,仮カード;火基礎;フィニッシャー;大型;W・ブレイカー
DMPC-0180,火基礎の連鎖カード0180,火,5,呪文,,,条件を満たすと踏み倒しや特殊な展開につながる。,仮カード;火基礎;コンボ;踏み倒し;未知性
DMPC-0181,火基礎の初動カード0181,火,2,呪文,,,序盤から攻撃する軽量カード。,仮カード;火基礎;初動;低コスト;速攻
DMPC-0182,火基礎の初動カード0182,火,3,クリーチャー,1000,ドラゴノイド,序盤から攻撃する軽量カード。,仮カード;火基礎;初動;低コスト;速攻
DMPC-0183,火基礎の除去カード0183,火,3,呪文,,,相手の小型クリーチャーに干渉する。,仮カード;火基礎;軽量除去;除去;テンポ
DMPC-0184,火基礎の補給カード0184,火,4,呪文,,,手札や山札を整え、次の展開につなげる。,仮カード;火基礎;ドロー;リソース;手札補充
DMPC-0185,火基礎の中核カード0185,火,5,クリーチャー,4000,アーマード・ドラゴン,中盤の盤面を支えるクリーチャー。,仮カード;火基礎;中速;クリーチャー
DMPC-0186,火基礎の防衛カード0186,火,6,呪文,,,S・トリガー。相手の攻撃を止める防御札。,仮カード;火基礎;S・トリガー;受け札;速攻対策;全体除去
DMPC-0187,火基礎の進化カード0187,火,6,進化クリーチャー,9000,ドラゴノイド,進化。中盤から終盤の勝ち筋になる。,仮カード;火基礎;進化;フィニッシャー;ドラゴノイド
DMPC-0188,火基礎の進化元カード0188,火,3,クリーチャー,2000,ファイアー・バード,進化元として使いやすい軽量クリーチャー。,仮カード;火基礎;進化元;低コスト;クリーチャー
DMPC-0189,火基礎の決着カード0189,火,7,クリーチャー,8000,アウトレイジ,W・ブレイカーを持つ大型フィニッシャー。,仮カード;火基礎;フィニッシャー;大型;W・ブレイカー
DMPC-0190,火基礎の連鎖カード0190,火,5,呪文,,,条件を満たすと踏み倒しや特殊な展開につながる。,仮カード;火基礎;コンボ;踏み倒し;未知性
DMPC-0191,火基礎の初動カード0191,火,2,呪文,,,序盤から攻撃する軽量カード。,仮カード;火基礎;初動;低コスト;速攻
DMPC-0192,火基礎の初動カード0192,火,3,クリーチャー,1000,ドラゴノイド,序盤から攻撃する軽量カード。,仮カード;火基礎;初動;低コスト;速攻
DMPC-0193,火基礎の除去カード0193,火,3,呪文,,,相手の小型クリーチャーに干渉する。,仮カード;火基礎;軽量除去;除去;テンポ
DMPC-0194,火基礎の補給カード0194,火,4,呪文,,,手札や山札を整え、次の展開につなげる。,仮カード;火基礎;ドロー;リソース;手札補充
DMPC-0195,火基礎の中核カード0195,火,5,クリーチャー,4000,アーマード・ドラゴン,中盤の盤面を支えるクリーチャー。,仮カード;火基礎;中速;クリーチャー
DMPC-0196,火基礎の防衛カード0196,火,6,呪文,,,S・トリガー。相手の攻撃を止める防御札。,仮カード;火基礎;S・トリガー;受け札;速攻対策;全体除去
DMPC-0197,火基礎の進化カード0197,火,6,進化クリーチャー,9000,ドラゴノイド,進化。中盤から終盤の勝ち筋になる。,仮カード;火基礎;進化;フィニッシャー;ドラゴノイド
DMPC-0198,火基礎の進化元カード0198,火,3,クリーチャー,2000,ファイアー・バード,進化元として使いやすい軽量クリーチャー。,仮カード;火基礎;進化元;低コスト;クリーチャー
DMPC-0199,火基礎の決着カード0199,火,7,クリーチャー,8000,アウトレイジ,W・ブレイカーを持つ大型フィニッシャー。,仮カード;火基礎;フィニッシャー;大型;W・ブレイカー
DMPC-0200,火基礎の連鎖カード0200,火,5,呪文,,,条件を満たすと踏み倒しや特殊な展開につながる。,仮カード;火基礎;コンボ;踏み倒し;未知性
DMPC-0201,光基礎の初動カード0201,光,2,呪文,,,ブロッカーを持つ軽量防御カード。,仮カード;光基礎;初動;低コスト;ブロッカー;受け札
DMPC-0202,光基礎の初動カード0202,光,3,クリーチャー,1000,イニシエート,ブロッカーを持つ軽量防御カード。,仮カード;光基礎;初動;低コスト;ブロッカー;受け札
DMPC-0203,光基礎の除去カード0203,光,3,呪文,,,相手の小型クリーチャーに干渉する。,仮カード;光基礎;軽量除去;除去;テンポ
DMPC-0204,光基礎の補給カード0204,光,4,呪文,,,手札や山札を整え、次の展開につなげる。,仮カード;光基礎;ドロー;リソース;手札補充
DMPC-0205,光基礎の中核カード0205,光,5,クリーチャー,4000,エンジェル・コマンド,中盤の盤面を支えるクリーチャー。,仮カード;光基礎;中速;クリーチャー
DMPC-0206,光基礎の防衛カード0206,光,6,呪文,,,S・トリガー。相手の攻撃を止める防御札。,仮カード;光基礎;S・トリガー;受け札;速攻対策;タップ
DMPC-0207,光基礎の進化カード0207,光,6,進化クリーチャー,9000,イニシエート,進化。中盤から終盤の勝ち筋になる。,仮カード;光基礎;進化;フィニッシャー;イニシエート
DMPC-0208,光基礎の進化元カード0208,光,3,クリーチャー,2000,アポロニア・ドラゴン,進化元として使いやすい軽量クリーチャー。,仮カード;光基礎;進化元;低コスト;クリーチャー
DMPC-0209,光基礎の決着カード0209,光,7,クリーチャー,8000,メカ・デル・ソル,W・ブレイカーを持つ大型フィニッシャー。,仮カード;光基礎;フィニッシャー;大型;W・ブレイカー
DMPC-0210,光基礎の連鎖カード0210,光,5,呪文,,,条件を満たすと踏み倒しや特殊な展開につながる。,仮カード;光基礎;コンボ;踏み倒し;未知性
DMPC-0211,光基礎の初動カード0211,光,2,呪文,,,ブロッカーを持つ軽量防御カード。,仮カード;光基礎;初動;低コスト;ブロッカー;受け札
DMPC-0212,光基礎の初動カード0212,光,3,クリーチャー,1000,イニシエート,ブロッカーを持つ軽量防御カード。,仮カード;光基礎;初動;低コスト;ブロッカー;受け札
DMPC-0213,光基礎の除去カード0213,光,3,呪文,,,相手の小型クリーチャーに干渉する。,仮カード;光基礎;軽量除去;除去;テンポ
DMPC-0214,光基礎の補給カード0214,光,4,呪文,,,手札や山札を整え、次の展開につなげる。,仮カード;光基礎;ドロー;リソース;手札補充
DMPC-0215,光基礎の中核カード0215,光,5,クリーチャー,4000,エンジェル・コマンド,中盤の盤面を支えるクリーチャー。,仮カード;光基礎;中速;クリーチャー
DMPC-0216,光基礎の防衛カード0216,光,6,呪文,,,S・トリガー。相手の攻撃を止める防御札。,仮カード;光基礎;S・トリガー;受け札;速攻対策;タップ
DMPC-0217,光基礎の進化カード0217,光,6,進化クリーチャー,9000,イニシエート,進化。中盤から終盤の勝ち筋になる。,仮カード;光基礎;進化;フィニッシャー;イニシエート
DMPC-0218,光基礎の進化元カード0218,光,3,クリーチャー,2000,アポロニア・ドラゴン,進化元として使いやすい軽量クリーチャー。,仮カード;光基礎;進化元;低コスト;クリーチャー
DMPC-0219,光基礎の決着カード0219,光,7,クリーチャー,8000,メカ・デル・ソル,W・ブレイカーを持つ大型フィニッシャー。,仮カード;光基礎;フィニッシャー;大型;W・ブレイカー
DMPC-0220,光基礎の連鎖カード0220,光,5,呪文,,,条件を満たすと踏み倒しや特殊な展開につながる。,仮カード;光基礎;コンボ;踏み倒し;未知性
DMPC-0221,光基礎の初動カード0221,光,2,呪文,,,ブロッカーを持つ軽量防御カード。,仮カード;光基礎;初動;低コスト;ブロッカー;受け札
DMPC-0222,光基礎の初動カード0222,光,3,クリーチャー,1000,イニシエート,ブロッカーを持つ軽量防御カード。,仮カード;光基礎;初動;低コスト;ブロッカー;受け札
DMPC-0223,光基礎の除去カード0223,光,3,呪文,,,相手の小型クリーチャーに干渉する。,仮カード;光基礎;軽量除去;除去;テンポ
DMPC-0224,光基礎の補給カード0224,光,4,呪文,,,手札や山札を整え、次の展開につなげる。,仮カード;光基礎;ドロー;リソース;手札補充
DMPC-0225,光基礎の中核カード0225,光,5,クリーチャー,4000,エンジェル・コマンド,中盤の盤面を支えるクリーチャー。,仮カード;光基礎;中速;クリーチャー
DMPC-0226,光基礎の防衛カード0226,光,6,呪文,,,S・トリガー。相手の攻撃を止める防御札。,仮カード;光基礎;S・トリガー;受け札;速攻対策;タップ
DMPC-0227,光基礎の進化カード0227,光,6,進化クリーチャー,9000,イニシエート,進化。中盤から終盤の勝ち筋になる。,仮カード;光基礎;進化;フィニッシャー;イニシエート
DMPC-0228,光基礎の進化元カード0228,光,3,クリーチャー,2000,アポロニア・ドラゴン,進化元として使いやすい軽量クリーチャー。,仮カード;光基礎;進化元;低コスト;クリーチャー
DMPC-0229,光基礎の決着カード0229,光,7,クリーチャー,8000,メカ・デル・ソル,W・ブレイカーを持つ大型フィニッシャー。,仮カード;光基礎;フィニッシャー;大型;W・ブレイカー
DMPC-0230,光基礎の連鎖カード0230,光,5,呪文,,,条件を満たすと踏み倒しや特殊な展開につながる。,仮カード;光基礎;コンボ;踏み倒し;未知性
DMPC-0231,光基礎の初動カード0231,光,2,呪文,,,ブロッカーを持つ軽量防御カード。,仮カード;光基礎;初動;低コスト;ブロッカー;受け札
DMPC-0232,光基礎の初動カード0232,光,3,クリーチャー,1000,イニシエート,ブロッカーを持つ軽量防御カード。,仮カード;光基礎;初動;低コスト;ブロッカー;受け札
DMPC-0233,光基礎の除去カード0233,光,3,呪文,,,相手の小型クリーチャーに干渉する。,仮カード;光基礎;軽量除去;除去;テンポ
DMPC-0234,光基礎の補給カード0234,光,4,呪文,,,手札や山札を整え、次の展開につなげる。,仮カード;光基礎;ドロー;リソース;手札補充
DMPC-0235,光基礎の中核カード0235,光,5,クリーチャー,4000,エンジェル・コマンド,中盤の盤面を支えるクリーチャー。,仮カード;光基礎;中速;クリーチャー
DMPC-0236,光基礎の防衛カード0236,光,6,呪文,,,S・トリガー。相手の攻撃を止める防御札。,仮カード;光基礎;S・トリガー;受け札;速攻対策;タップ
DMPC-0237,光基礎の進化カード0237,光,6,進化クリーチャー,9000,イニシエート,進化。中盤から終盤の勝ち筋になる。,仮カード;光基礎;進化;フィニッシャー;イニシエート
DMPC-0238,光基礎の進化元カード0238,光,3,クリーチャー,2000,アポロニア・ドラゴン,進化元として使いやすい軽量クリーチャー。,仮カード;光基礎;進化元;低コスト;クリーチャー
DMPC-0239,光基礎の決着カード0239,光,7,クリーチャー,8000,メカ・デル・ソル,W・ブレイカーを持つ大型フィニッシャー。,仮カード;光基礎;フィニッシャー;大型;W・ブレイカー
DMPC-0240,光基礎の連鎖カード0240,光,5,呪文,,,条件を満たすと踏み倒しや特殊な展開につながる。,仮カード;光基礎;コンボ;踏み倒し;未知性
DMPC-0241,光基礎の初動カード0241,光,2,呪文,,,ブロッカーを持つ軽量防御カード。,仮カード;光基礎;初動;低コスト;ブロッカー;受け札
DMPC-0242,光基礎の初動カード0242,光,3,クリーチャー,1000,イニシエート,ブロッカーを持つ軽量防御カード。,仮カード;光基礎;初動;低コスト;ブロッカー;受け札
DMPC-0243,光基礎の除去カード0243,光,3,呪文,,,相手の小型クリーチャーに干渉する。,仮カード;光基礎;軽量除去;除去;テンポ
DMPC-0244,光基礎の補給カード0244,光,4,呪文,,,手札や山札を整え、次の展開につなげる。,仮カード;光基礎;ドロー;リソース;手札補充
DMPC-0245,光基礎の中核カード0245,光,5,クリーチャー,4000,エンジェル・コマンド,中盤の盤面を支えるクリーチャー。,仮カード;光基礎;中速;クリーチャー
DMPC-0246,光基礎の防衛カード0246,光,6,呪文,,,S・トリガー。相手の攻撃を止める防御札。,仮カード;光基礎;S・トリガー;受け札;速攻対策;タップ
DMPC-0247,光基礎の進化カード0247,光,6,進化クリーチャー,9000,イニシエート,進化。中盤から終盤の勝ち筋になる。,仮カード;光基礎;進化;フィニッシャー;イニシエート
DMPC-0248,光基礎の進化元カード0248,光,3,クリーチャー,2000,アポロニア・ドラゴン,進化元として使いやすい軽量クリーチャー。,仮カード;光基礎;進化元;低コスト;クリーチャー
DMPC-0249,光基礎の決着カード0249,光,7,クリーチャー,8000,メカ・デル・ソル,W・ブレイカーを持つ大型フィニッシャー。,仮カード;光基礎;フィニッシャー;大型;W・ブレイカー
DMPC-0250,光基礎の連鎖カード0250,光,5,呪文,,,条件を満たすと踏み倒しや特殊な展開につながる。,仮カード;光基礎;コンボ;踏み倒し;未知性
DMPC-0251,火自然二色の初動カード0251,火/自然,2,呪文,,,山札の上から1枚目をマナゾーンに置く。,仮カード;火自然二色;初動;低コスト;マナ加速;多色;ビートダウン
DMPC-0252,火自然二色の初動カード0252,火/自然,3,クリーチャー,1000,ヒューマノイド/ビーストフォーク,山札の上から1枚目をマナゾーンに置く。,仮カード;火自然二色;初動;低コスト;マナ加速;多色;ビートダウン
DMPC-0253,火自然二色の除去カード0253,火/自然,3,呪文,,,相手の小型クリーチャーに干渉する。,仮カード;火自然二色;軽量除去;除去;テンポ;多色;ビートダウン
DMPC-0254,火自然二色の補給カード0254,火/自然,4,呪文,,,手札や山札を整え、次の展開につなげる。,仮カード;火自然二色;ドロー;リソース;手札補充;多色;ビートダウン
DMPC-0255,火自然二色の中核カード0255,火/自然,5,クリーチャー,4000,アーマード・ドラゴン/アース・ドラゴン,中盤の盤面を支えるクリーチャー。,仮カード;火自然二色;中速;クリーチャー;多色;ビートダウン
DMPC-0256,火自然二色の防衛カード0256,火/自然,6,呪文,,,S・トリガー。相手の攻撃を止める防御札。,仮カード;火自然二色;S・トリガー;受け札;速攻対策;全体除去;マナ送り;多色;ビートダウン
DMPC-0257,火自然二色の進化カード0257,火/自然,6,進化クリーチャー,9000,アーマード・ドラゴン/アース・ドラゴン,進化。中盤から終盤の勝ち筋になる。,仮カード;火自然二色;進化;フィニッシャー;多色;ビートダウン;アーマード・ドラゴン
DMPC-0258,火自然二色の進化元カード0258,火/自然,3,クリーチャー,2000,ヒューマノイド/ビーストフォーク,進化元として使いやすい軽量クリーチャー。,仮カード;火自然二色;進化元;低コスト;クリーチャー;多色;ビートダウン
DMPC-0259,火自然二色の決着カード0259,火/自然,7,クリーチャー,8000,アーマード・ドラゴン/アース・ドラゴン,W・ブレイカーを持つ大型フィニッシャー。,仮カード;火自然二色;フィニッシャー;大型;W・ブレイカー;多色;ビートダウン
DMPC-0260,火自然二色の連鎖カード0260,火/自然,5,呪文,,,条件を満たすと踏み倒しや特殊な展開につながる。,仮カード;火自然二色;コンボ;踏み倒し;未知性;多色;ビートダウン
DMPC-0261,火自然二色の初動カード0261,火/自然,2,呪文,,,山札の上から1枚目をマナゾーンに置く。,仮カード;火自然二色;初動;低コスト;マナ加速;多色;ビートダウン
DMPC-0262,火自然二色の初動カード0262,火/自然,3,クリーチャー,1000,ヒューマノイド/ビーストフォーク,山札の上から1枚目をマナゾーンに置く。,仮カード;火自然二色;初動;低コスト;マナ加速;多色;ビートダウン
DMPC-0263,火自然二色の除去カード0263,火/自然,3,呪文,,,相手の小型クリーチャーに干渉する。,仮カード;火自然二色;軽量除去;除去;テンポ;多色;ビートダウン
DMPC-0264,火自然二色の補給カード0264,火/自然,4,呪文,,,手札や山札を整え、次の展開につなげる。,仮カード;火自然二色;ドロー;リソース;手札補充;多色;ビートダウン
DMPC-0265,火自然二色の中核カード0265,火/自然,5,クリーチャー,4000,アーマード・ドラゴン/アース・ドラゴン,中盤の盤面を支えるクリーチャー。,仮カード;火自然二色;中速;クリーチャー;多色;ビートダウン
DMPC-0266,火自然二色の防衛カード0266,火/自然,6,呪文,,,S・トリガー。相手の攻撃を止める防御札。,仮カード;火自然二色;S・トリガー;受け札;速攻対策;全体除去;マナ送り;多色;ビートダウン
DMPC-0267,火自然二色の進化カード0267,火/自然,6,進化クリーチャー,9000,アーマード・ドラゴン/アース・ドラゴン,進化。中盤から終盤の勝ち筋になる。,仮カード;火自然二色;進化;フィニッシャー;多色;ビートダウン;アーマード・ドラゴン
DMPC-0268,火自然二色の進化元カード0268,火/自然,3,クリーチャー,2000,ヒューマノイド/ビーストフォーク,進化元として使いやすい軽量クリーチャー。,仮カード;火自然二色;進化元;低コスト;クリーチャー;多色;ビートダウン
DMPC-0269,火自然二色の決着カード0269,火/自然,7,クリーチャー,8000,アーマード・ドラゴン/アース・ドラゴン,W・ブレイカーを持つ大型フィニッシャー。,仮カード;火自然二色;フィニッシャー;大型;W・ブレイカー;多色;ビートダウン
DMPC-0270,火自然二色の連鎖カード0270,火/自然,5,呪文,,,条件を満たすと踏み倒しや特殊な展開につながる。,仮カード;火自然二色;コンボ;踏み倒し;未知性;多色;ビートダウン
DMPC-0271,火自然二色の初動カード0271,火/自然,2,呪文,,,山札の上から1枚目をマナゾーンに置く。,仮カード;火自然二色;初動;低コスト;マナ加速;多色;ビートダウン
DMPC-0272,火自然二色の初動カード0272,火/自然,3,クリーチャー,1000,ヒューマノイド/ビーストフォーク,山札の上から1枚目をマナゾーンに置く。,仮カード;火自然二色;初動;低コスト;マナ加速;多色;ビートダウン
DMPC-0273,火自然二色の除去カード0273,火/自然,3,呪文,,,相手の小型クリーチャーに干渉する。,仮カード;火自然二色;軽量除去;除去;テンポ;多色;ビートダウン
DMPC-0274,火自然二色の補給カード0274,火/自然,4,呪文,,,手札や山札を整え、次の展開につなげる。,仮カード;火自然二色;ドロー;リソース;手札補充;多色;ビートダウン
DMPC-0275,火自然二色の中核カード0275,火/自然,5,クリーチャー,4000,アーマード・ドラゴン/アース・ドラゴン,中盤の盤面を支えるクリーチャー。,仮カード;火自然二色;中速;クリーチャー;多色;ビートダウン
DMPC-0276,光水二色の防衛カード0276,光/水,6,呪文,,,S・トリガー。相手の攻撃を止める防御札。,仮カード;光水二色;S・トリガー;受け札;速攻対策;バウンス;タップ;多色
DMPC-0277,光水二色の進化カード0277,光/水,6,進化クリーチャー,9000,サイバーロード/ガーディアン,進化。中盤から終盤の勝ち筋になる。,仮カード;光水二色;進化;フィニッシャー;多色;サイバーロード
DMPC-0278,光水二色の進化元カード0278,光/水,3,クリーチャー,2000,グレートメカオー/イニシエート,進化元として使いやすい軽量クリーチャー。,仮カード;光水二色;進化元;低コスト;クリーチャー;多色
DMPC-0279,光水二色の決着カード0279,光/水,7,クリーチャー,8000,サイバーロード/ガーディアン,W・ブレイカーを持つ大型フィニッシャー。,仮カード;光水二色;フィニッシャー;大型;W・ブレイカー;多色
DMPC-0280,光水二色の連鎖カード0280,光/水,5,呪文,,,条件を満たすと踏み倒しや特殊な展開につながる。,仮カード;光水二色;コンボ;踏み倒し;未知性;多色
DMPC-0281,光水二色の初動カード0281,光/水,2,呪文,,,カードを1枚引く。,仮カード;光水二色;初動;低コスト;ドロー;リソース;多色
DMPC-0282,光水二色の初動カード0282,光/水,3,クリーチャー,1000,グレートメカオー/イニシエート,カードを1枚引く。,仮カード;光水二色;初動;低コスト;ドロー;リソース;多色
DMPC-0283,光水二色の除去カード0283,光/水,3,呪文,,,相手の小型クリーチャーに干渉する。,仮カード;光水二色;軽量除去;除去;テンポ;多色
DMPC-0284,光水二色の補給カード0284,光/水,4,呪文,,,手札や山札を整え、次の展開につなげる。,仮カード;光水二色;ドロー;リソース;手札補充;多色
DMPC-0285,光水二色の中核カード0285,光/水,5,クリーチャー,4000,サイバーロード/ガーディアン,中盤の盤面を支えるクリーチャー。,仮カード;光水二色;中速;クリーチャー;多色
DMPC-0286,光水二色の防衛カード0286,光/水,6,呪文,,,S・トリガー。相手の攻撃を止める防御札。,仮カード;光水二色;S・トリガー;受け札;速攻対策;バウンス;タップ;多色
DMPC-0287,光水二色の進化カード0287,光/水,6,進化クリーチャー,9000,サイバーロード/ガーディアン,進化。中盤から終盤の勝ち筋になる。,仮カード;光水二色;進化;フィニッシャー;多色;サイバーロード
DMPC-0288,光水二色の進化元カード0288,光/水,3,クリーチャー,2000,グレートメカオー/イニシエート,進化元として使いやすい軽量クリーチャー。,仮カード;光水二色;進化元;低コスト;クリーチャー;多色
DMPC-0289,光水二色の決着カード0289,光/水,7,クリーチャー,8000,サイバーロード/ガーディアン,W・ブレイカーを持つ大型フィニッシャー。,仮カード;光水二色;フィニッシャー;大型;W・ブレイカー;多色
DMPC-0290,光水二色の連鎖カード0290,光/水,5,呪文,,,条件を満たすと踏み倒しや特殊な展開につながる。,仮カード;光水二色;コンボ;踏み倒し;未知性;多色
DMPC-0291,光水二色の初動カード0291,光/水,2,呪文,,,カードを1枚引く。,仮カード;光水二色;初動;低コスト;ドロー;リソース;多色
DMPC-0292,光水二色の初動カード0292,光/水,3,クリーチャー,1000,グレートメカオー/イニシエート,カードを1枚引く。,仮カード;光水二色;初動;低コスト;ドロー;リソース;多色
DMPC-0293,光水二色の除去カード0293,光/水,3,呪文,,,相手の小型クリーチャーに干渉する。,仮カード;光水二色;軽量除去;除去;テンポ;多色
DMPC-0294,光水二色の補給カード0294,光/水,4,呪文,,,手札や山札を整え、次の展開につなげる。,仮カード;光水二色;ドロー;リソース;手札補充;多色
DMPC-0295,光水二色の中核カード0295,光/水,5,クリーチャー,4000,サイバーロード/ガーディアン,中盤の盤面を支えるクリーチャー。,仮カード;光水二色;中速;クリーチャー;多色
DMPC-0296,光水二色の防衛カード0296,光/水,6,呪文,,,S・トリガー。相手の攻撃を止める防御札。,仮カード;光水二色;S・トリガー;受け札;速攻対策;バウンス;タップ;多色
DMPC-0297,光水二色の進化カード0297,光/水,6,進化クリーチャー,9000,サイバーロード/ガーディアン,進化。中盤から終盤の勝ち筋になる。,仮カード;光水二色;進化;フィニッシャー;多色;サイバーロード
DMPC-0298,光水二色の進化元カード0298,光/水,3,クリーチャー,2000,グレートメカオー/イニシエート,進化元として使いやすい軽量クリーチャー。,仮カード;光水二色;進化元;低コスト;クリーチャー;多色
DMPC-0299,光水二色の決着カード0299,光/水,7,クリーチャー,8000,サイバーロード/ガーディアン,W・ブレイカーを持つ大型フィニッシャー。,仮カード;光水二色;フィニッシャー;大型;W・ブレイカー;多色
DMPC-0300,光水二色の連鎖カード0300,光/水,5,呪文,,,条件を満たすと踏み倒しや特殊な展開につながる。,仮カード;光水二色;コンボ;踏み倒し;未知性;多色
DMPC-0301,水闇二色の初動カード0301,水/闇,2,呪文,,,カードを1枚引く。,仮カード;水闇二色;初動;低コスト;ドロー;リソース;多色;ハンデス;墓地利用
DMPC-0302,水闇二色の初動カード0302,水/闇,3,クリーチャー,1000,サイバーロード/デスパペット,カードを1枚引く。,仮カード;水闇二色;初動;低コスト;ドロー;リソース;多色;ハンデス;墓地利用
DMPC-0303,水闇二色の除去カード0303,水/闇,3,呪文,,,相手の小型クリーチャーに干渉する。,仮カード;水闇二色;軽量除去;除去;テンポ;多色;ハンデス;墓地利用
DMPC-0304,水闇二色の補給カード0304,水/闇,4,呪文,,,手札や山札を整え、次の展開につなげる。,仮カード;水闇二色;ドロー;リソース;手札補充;多色;ハンデス;墓地利用
DMPC-0305,水闇二色の中核カード0305,水/闇,5,クリーチャー,4000,リキッド・ピープル/ゴースト,中盤の盤面を支えるクリーチャー。,仮カード;水闇二色;中速;クリーチャー;多色;ハンデス;墓地利用
DMPC-0306,水闇二色の防衛カード0306,水/闇,6,呪文,,,S・トリガー。相手の攻撃を止める防御札。,仮カード;水闇二色;S・トリガー;受け札;速攻対策;バウンス;除去;多色;ハンデス;墓地利用
DMPC-0307,水闇二色の進化カード0307,水/闇,6,進化クリーチャー,9000,リキッド・ピープル/ゴースト,進化。中盤から終盤の勝ち筋になる。,仮カード;水闇二色;進化;フィニッシャー;多色;ハンデス;墓地利用;リキッド・ピープル
DMPC-0308,水闇二色の進化元カード0308,水/闇,3,クリーチャー,2000,サイバーロード/デスパペット,進化元として使いやすい軽量クリーチャー。,仮カード;水闇二色;進化元;低コスト;クリーチャー;多色;ハンデス;墓地利用
DMPC-0309,水闇二色の決着カード0309,水/闇,7,クリーチャー,8000,リキッド・ピープル/ゴースト,W・ブレイカーを持つ大型フィニッシャー。,仮カード;水闇二色;フィニッシャー;大型;W・ブレイカー;多色;ハンデス;墓地利用
DMPC-0310,水闇二色の連鎖カード0310,水/闇,5,呪文,,,条件を満たすと踏み倒しや特殊な展開につながる。,仮カード;水闇二色;コンボ;踏み倒し;未知性;多色;ハンデス;墓地利用
DMPC-0311,水闇二色の初動カード0311,水/闇,2,呪文,,,カードを1枚引く。,仮カード;水闇二色;初動;低コスト;ドロー;リソース;多色;ハンデス;墓地利用
DMPC-0312,水闇二色の初動カード0312,水/闇,3,クリーチャー,1000,サイバーロード/デスパペット,カードを1枚引く。,仮カード;水闇二色;初動;低コスト;ドロー;リソース;多色;ハンデス;墓地利用
DMPC-0313,水闇二色の除去カード0313,水/闇,3,呪文,,,相手の小型クリーチャーに干渉する。,仮カード;水闇二色;軽量除去;除去;テンポ;多色;ハンデス;墓地利用
DMPC-0314,水闇二色の補給カード0314,水/闇,4,呪文,,,手札や山札を整え、次の展開につなげる。,仮カード;水闇二色;ドロー;リソース;手札補充;多色;ハンデス;墓地利用
DMPC-0315,水闇二色の中核カード0315,水/闇,5,クリーチャー,4000,リキッド・ピープル/ゴースト,中盤の盤面を支えるクリーチャー。,仮カード;水闇二色;中速;クリーチャー;多色;ハンデス;墓地利用
DMPC-0316,水闇二色の防衛カード0316,水/闇,6,呪文,,,S・トリガー。相手の攻撃を止める防御札。,仮カード;水闇二色;S・トリガー;受け札;速攻対策;バウンス;除去;多色;ハンデス;墓地利用
DMPC-0317,水闇二色の進化カード0317,水/闇,6,進化クリーチャー,9000,リキッド・ピープル/ゴースト,進化。中盤から終盤の勝ち筋になる。,仮カード;水闇二色;進化;フィニッシャー;多色;ハンデス;墓地利用;リキッド・ピープル
DMPC-0318,水闇二色の進化元カード0318,水/闇,3,クリーチャー,2000,サイバーロード/デスパペット,進化元として使いやすい軽量クリーチャー。,仮カード;水闇二色;進化元;低コスト;クリーチャー;多色;ハンデス;墓地利用
DMPC-0319,水闇二色の決着カード0319,水/闇,7,クリーチャー,8000,リキッド・ピープル/ゴースト,W・ブレイカーを持つ大型フィニッシャー。,仮カード;水闇二色;フィニッシャー;大型;W・ブレイカー;多色;ハンデス;墓地利用
DMPC-0320,水闇二色の連鎖カード0320,水/闇,5,呪文,,,条件を満たすと踏み倒しや特殊な展開につながる。,仮カード;水闇二色;コンボ;踏み倒し;未知性;多色;ハンデス;墓地利用
DMPC-0321,水闇二色の初動カード0321,水/闇,2,呪文,,,カードを1枚引く。,仮カード;水闇二色;初動;低コスト;ドロー;リソース;多色;ハンデス;墓地利用
DMPC-0322,水闇二色の初動カード0322,水/闇,3,クリーチャー,1000,サイバーロード/デスパペット,カードを1枚引く。,仮カード;水闇二色;初動;低コスト;ドロー;リソース;多色;ハンデス;墓地利用
DMPC-0323,水闇二色の除去カード0323,水/闇,3,呪文,,,相手の小型クリーチャーに干渉する。,仮カード;水闇二色;軽量除去;除去;テンポ;多色;ハンデス;墓地利用
DMPC-0324,水闇二色の補給カード0324,水/闇,4,呪文,,,手札や山札を整え、次の展開につなげる。,仮カード;水闇二色;ドロー;リソース;手札補充;多色;ハンデス;墓地利用
DMPC-0325,水闇二色の中核カード0325,水/闇,5,クリーチャー,4000,リキッド・ピープル/ゴースト,中盤の盤面を支えるクリーチャー。,仮カード;水闇二色;中速;クリーチャー;多色;ハンデス;墓地利用
DMPC-0326,光闇二色の防衛カード0326,光/闇,6,呪文,,,S・トリガー。相手の攻撃を止める防御札。,仮カード;光闇二色;S・トリガー;受け札;速攻対策;除去;タップ;多色;耐久;コントロール
DMPC-0327,光闇二色の進化カード0327,光/闇,6,進化クリーチャー,9000,イニシエート/ゴースト,進化。中盤から終盤の勝ち筋になる。,仮カード;光闇二色;進化;フィニッシャー;多色;耐久;コントロール;イニシエート
DMPC-0328,光闇二色の進化元カード0328,光/闇,3,クリーチャー,2000,エンジェル・コマンド/デーモン・コマンド,進化元として使いやすい軽量クリーチャー。,仮カード;光闇二色;進化元;低コスト;クリーチャー;多色;耐久;コントロール
DMPC-0329,光闇二色の決着カード0329,光/闇,7,クリーチャー,8000,イニシエート/ゴースト,W・ブレイカーを持つ大型フィニッシャー。,仮カード;光闇二色;フィニッシャー;大型;W・ブレイカー;多色;耐久;コントロール
DMPC-0330,光闇二色の連鎖カード0330,光/闇,5,呪文,,,条件を満たすと踏み倒しや特殊な展開につながる。,仮カード;光闇二色;コンボ;踏み倒し;未知性;多色;耐久;コントロール
DMPC-0331,光闇二色の初動カード0331,光/闇,2,呪文,,,相手は自身の手札を1枚捨てる。,仮カード;光闇二色;初動;低コスト;ハンデス;妨害;多色;耐久;コントロール
DMPC-0332,光闇二色の初動カード0332,光/闇,3,クリーチャー,1000,エンジェル・コマンド/デーモン・コマンド,相手は自身の手札を1枚捨てる。,仮カード;光闇二色;初動;低コスト;ハンデス;妨害;多色;耐久;コントロール
DMPC-0333,光闇二色の除去カード0333,光/闇,3,呪文,,,相手の小型クリーチャーに干渉する。,仮カード;光闇二色;軽量除去;除去;テンポ;多色;耐久;コントロール
DMPC-0334,光闇二色の補給カード0334,光/闇,4,呪文,,,手札や山札を整え、次の展開につなげる。,仮カード;光闇二色;ドロー;リソース;手札補充;多色;耐久;コントロール
DMPC-0335,光闇二色の中核カード0335,光/闇,5,クリーチャー,4000,イニシエート/ゴースト,中盤の盤面を支えるクリーチャー。,仮カード;光闇二色;中速;クリーチャー;多色;耐久;コントロール
DMPC-0336,光闇二色の防衛カード0336,光/闇,6,呪文,,,S・トリガー。相手の攻撃を止める防御札。,仮カード;光闇二色;S・トリガー;受け札;速攻対策;除去;タップ;多色;耐久;コントロール
DMPC-0337,光闇二色の進化カード0337,光/闇,6,進化クリーチャー,9000,イニシエート/ゴースト,進化。中盤から終盤の勝ち筋になる。,仮カード;光闇二色;進化;フィニッシャー;多色;耐久;コントロール;イニシエート
DMPC-0338,光闇二色の進化元カード0338,光/闇,3,クリーチャー,2000,エンジェル・コマンド/デーモン・コマンド,進化元として使いやすい軽量クリーチャー。,仮カード;光闇二色;進化元;低コスト;クリーチャー;多色;耐久;コントロール
DMPC-0339,光闇二色の決着カード0339,光/闇,7,クリーチャー,8000,イニシエート/ゴースト,W・ブレイカーを持つ大型フィニッシャー。,仮カード;光闇二色;フィニッシャー;大型;W・ブレイカー;多色;耐久;コントロール
DMPC-0340,光闇二色の連鎖カード0340,光/闇,5,呪文,,,条件を満たすと踏み倒しや特殊な展開につながる。,仮カード;光闇二色;コンボ;踏み倒し;未知性;多色;耐久;コントロール
DMPC-0341,光闇二色の初動カード0341,光/闇,2,呪文,,,相手は自身の手札を1枚捨てる。,仮カード;光闇二色;初動;低コスト;ハンデス;妨害;多色;耐久;コントロール
DMPC-0342,光闇二色の初動カード0342,光/闇,3,クリーチャー,1000,エンジェル・コマンド/デーモン・コマンド,相手は自身の手札を1枚捨てる。,仮カード;光闇二色;初動;低コスト;ハンデス;妨害;多色;耐久;コントロール
DMPC-0343,光闇二色の除去カード0343,光/闇,3,呪文,,,相手の小型クリーチャーに干渉する。,仮カード;光闇二色;軽量除去;除去;テンポ;多色;耐久;コントロール
DMPC-0344,光闇二色の補給カード0344,光/闇,4,呪文,,,手札や山札を整え、次の展開につなげる。,仮カード;光闇二色;ドロー;リソース;手札補充;多色;耐久;コントロール
DMPC-0345,光闇二色の中核カード0345,光/闇,5,クリーチャー,4000,イニシエート/ゴースト,中盤の盤面を支えるクリーチャー。,仮カード;光闇二色;中速;クリーチャー;多色;耐久;コントロール
DMPC-0346,光闇二色の防衛カード0346,光/闇,6,呪文,,,S・トリガー。相手の攻撃を止める防御札。,仮カード;光闇二色;S・トリガー;受け札;速攻対策;除去;タップ;多色;耐久;コントロール
DMPC-0347,光闇二色の進化カード0347,光/闇,6,進化クリーチャー,9000,イニシエート/ゴースト,進化。中盤から終盤の勝ち筋になる。,仮カード;光闇二色;進化;フィニッシャー;多色;耐久;コントロール;イニシエート
DMPC-0348,光闇二色の進化元カード0348,光/闇,3,クリーチャー,2000,エンジェル・コマンド/デーモン・コマンド,進化元として使いやすい軽量クリーチャー。,仮カード;光闇二色;進化元;低コスト;クリーチャー;多色;耐久;コントロール
DMPC-0349,光闇二色の決着カード0349,光/闇,7,クリーチャー,8000,イニシエート/ゴースト,W・ブレイカーを持つ大型フィニッシャー。,仮カード;光闇二色;フィニッシャー;大型;W・ブレイカー;多色;耐久;コントロール
DMPC-0350,光闇二色の連鎖カード0350,光/闇,5,呪文,,,条件を満たすと踏み倒しや特殊な展開につながる。,仮カード;光闇二色;コンボ;踏み倒し;未知性;多色;耐久;コントロール
DMPC-0351,闇自然二色の初動カード0351,闇/自然,2,呪文,,,山札の上から1枚目をマナゾーンに置く。,仮カード;闇自然二色;初動;低コスト;マナ加速;多色
DMPC-0352,闇自然二色の初動カード0352,闇/自然,3,クリーチャー,1000,デスパペット/ビーストフォーク,山札の上から1枚目をマナゾーンに置く。,仮カード;闇自然二色;初動;低コスト;マナ加速;多色
DMPC-0353,闇自然二色の除去カード0353,闇/自然,3,呪文,,,相手の小型クリーチャーに干渉する。,仮カード;闇自然二色;軽量除去;除去;テンポ;多色
DMPC-0354,闇自然二色の補給カード0354,闇/自然,4,呪文,,,手札や山札を整え、次の展開につなげる。,仮カード;闇自然二色;ドロー;リソース;手札補充;多色
DMPC-0355,闇自然二色の中核カード0355,闇/自然,5,クリーチャー,4000,デーモン・コマンド/ジャイアント,中盤の盤面を支えるクリーチャー。,仮カード;闇自然二色;中速;クリーチャー;多色
DMPC-0356,闇自然二色の防衛カード0356,闇/自然,6,呪文,,,S・トリガー。相手の攻撃を止める防御札。,仮カード;闇自然二色;S・トリガー;受け札;速攻対策;除去;マナ送り;多色
DMPC-0357,闇自然二色の進化カード0357,闇/自然,6,進化クリーチャー,9000,デーモン・コマンド/ジャイアント,進化。中盤から終盤の勝ち筋になる。,仮カード;闇自然二色;進化;フィニッシャー;多色;デーモン・コマンド
DMPC-0358,闇自然二色の進化元カード0358,闇/自然,3,クリーチャー,2000,デスパペット/ビーストフォーク,進化元として使いやすい軽量クリーチャー。,仮カード;闇自然二色;進化元;低コスト;クリーチャー;多色
DMPC-0359,闇自然二色の決着カード0359,闇/自然,7,クリーチャー,8000,デーモン・コマンド/ジャイアント,W・ブレイカーを持つ大型フィニッシャー。,仮カード;闇自然二色;フィニッシャー;大型;W・ブレイカー;多色
DMPC-0360,闇自然二色の連鎖カード0360,闇/自然,5,呪文,,,条件を満たすと踏み倒しや特殊な展開につながる。,仮カード;闇自然二色;コンボ;踏み倒し;未知性;多色
DMPC-0361,闇自然二色の初動カード0361,闇/自然,2,呪文,,,山札の上から1枚目をマナゾーンに置く。,仮カード;闇自然二色;初動;低コスト;マナ加速;多色
DMPC-0362,闇自然二色の初動カード0362,闇/自然,3,クリーチャー,1000,デスパペット/ビーストフォーク,山札の上から1枚目をマナゾーンに置く。,仮カード;闇自然二色;初動;低コスト;マナ加速;多色
DMPC-0363,闇自然二色の除去カード0363,闇/自然,3,呪文,,,相手の小型クリーチャーに干渉する。,仮カード;闇自然二色;軽量除去;除去;テンポ;多色
DMPC-0364,闇自然二色の補給カード0364,闇/自然,4,呪文,,,手札や山札を整え、次の展開につなげる。,仮カード;闇自然二色;ドロー;リソース;手札補充;多色
DMPC-0365,闇自然二色の中核カード0365,闇/自然,5,クリーチャー,4000,デーモン・コマンド/ジャイアント,中盤の盤面を支えるクリーチャー。,仮カード;闇自然二色;中速;クリーチャー;多色
DMPC-0366,闇自然二色の防衛カード0366,闇/自然,6,呪文,,,S・トリガー。相手の攻撃を止める防御札。,仮カード;闇自然二色;S・トリガー;受け札;速攻対策;除去;マナ送り;多色
DMPC-0367,闇自然二色の進化カード0367,闇/自然,6,進化クリーチャー,9000,デーモン・コマンド/ジャイアント,進化。中盤から終盤の勝ち筋になる。,仮カード;闇自然二色;進化;フィニッシャー;多色;デーモン・コマンド
DMPC-0368,闇自然二色の進化元カード0368,闇/自然,3,クリーチャー,2000,デスパペット/ビーストフォーク,進化元として使いやすい軽量クリーチャー。,仮カード;闇自然二色;進化元;低コスト;クリーチャー;多色
DMPC-0369,闇自然二色の決着カード0369,闇/自然,7,クリーチャー,8000,デーモン・コマンド/ジャイアント,W・ブレイカーを持つ大型フィニッシャー。,仮カード;闇自然二色;フィニッシャー;大型;W・ブレイカー;多色
DMPC-0370,闇自然二色の連鎖カード0370,闇/自然,5,呪文,,,条件を満たすと踏み倒しや特殊な展開につながる。,仮カード;闇自然二色;コンボ;踏み倒し;未知性;多色
DMPC-0371,闇自然二色の初動カード0371,闇/自然,2,呪文,,,山札の上から1枚目をマナゾーンに置く。,仮カード;闇自然二色;初動;低コスト;マナ加速;多色
DMPC-0372,闇自然二色の初動カード0372,闇/自然,3,クリーチャー,1000,デスパペット/ビーストフォーク,山札の上から1枚目をマナゾーンに置く。,仮カード;闇自然二色;初動;低コスト;マナ加速;多色
DMPC-0373,闇自然二色の除去カード0373,闇/自然,3,呪文,,,相手の小型クリーチャーに干渉する。,仮カード;闇自然二色;軽量除去;除去;テンポ;多色
DMPC-0374,闇自然二色の補給カード0374,闇/自然,4,呪文,,,手札や山札を整え、次の展開につなげる。,仮カード;闇自然二色;ドロー;リソース;手札補充;多色
DMPC-0375,闇自然二色の中核カード0375,闇/自然,5,クリーチャー,4000,デーモン・コマンド/ジャイアント,中盤の盤面を支えるクリーチャー。,仮カード;闇自然二色;中速;クリーチャー;多色
DMPC-0376,火水二色の防衛カード0376,火/水,6,呪文,,,S・トリガー。相手の攻撃を止める防御札。,仮カード;火水二色;S・トリガー;受け札;速攻対策;バウンス;全体除去;多色;テンポ
DMPC-0377,火水二色の進化カード0377,火/水,6,進化クリーチャー,9000,アーマード・ドラゴン/リキッド・ピープル,進化。中盤から終盤の勝ち筋になる。,仮カード;火水二色;進化;フィニッシャー;多色;テンポ;アーマード・ドラゴン
DMPC-0378,火水二色の進化元カード0378,火/水,3,クリーチャー,2000,ヒューマノイド/サイバーロード,進化元として使いやすい軽量クリーチャー。,仮カード;火水二色;進化元;低コスト;クリーチャー;多色;テンポ
DMPC-0379,火水二色の決着カード0379,火/水,7,クリーチャー,8000,アーマード・ドラゴン/リキッド・ピープル,W・ブレイカーを持つ大型フィニッシャー。,仮カード;火水二色;フィニッシャー;大型;W・ブレイカー;多色;テンポ
DMPC-0380,火水二色の連鎖カード0380,火/水,5,呪文,,,条件を満たすと踏み倒しや特殊な展開につながる。,仮カード;火水二色;コンボ;踏み倒し;未知性;多色;テンポ
DMPC-0381,火水二色の初動カード0381,火/水,2,呪文,,,カードを1枚引く。,仮カード;火水二色;初動;低コスト;ドロー;リソース;多色;テンポ
DMPC-0382,火水二色の初動カード0382,火/水,3,クリーチャー,1000,ヒューマノイド/サイバーロード,カードを1枚引く。,仮カード;火水二色;初動;低コスト;ドロー;リソース;多色;テンポ
DMPC-0383,火水二色の除去カード0383,火/水,3,呪文,,,相手の小型クリーチャーに干渉する。,仮カード;火水二色;軽量除去;除去;テンポ;多色
DMPC-0384,火水二色の補給カード0384,火/水,4,呪文,,,手札や山札を整え、次の展開につなげる。,仮カード;火水二色;ドロー;リソース;手札補充;多色;テンポ
DMPC-0385,火水二色の中核カード0385,火/水,5,クリーチャー,4000,アーマード・ドラゴン/リキッド・ピープル,中盤の盤面を支えるクリーチャー。,仮カード;火水二色;中速;クリーチャー;多色;テンポ
DMPC-0386,火水二色の防衛カード0386,火/水,6,呪文,,,S・トリガー。相手の攻撃を止める防御札。,仮カード;火水二色;S・トリガー;受け札;速攻対策;バウンス;全体除去;多色;テンポ
DMPC-0387,火水二色の進化カード0387,火/水,6,進化クリーチャー,9000,アーマード・ドラゴン/リキッド・ピープル,進化。中盤から終盤の勝ち筋になる。,仮カード;火水二色;進化;フィニッシャー;多色;テンポ;アーマード・ドラゴン
DMPC-0388,火水二色の進化元カード0388,火/水,3,クリーチャー,2000,ヒューマノイド/サイバーロード,進化元として使いやすい軽量クリーチャー。,仮カード;火水二色;進化元;低コスト;クリーチャー;多色;テンポ
DMPC-0389,火水二色の決着カード0389,火/水,7,クリーチャー,8000,アーマード・ドラゴン/リキッド・ピープル,W・ブレイカーを持つ大型フィニッシャー。,仮カード;火水二色;フィニッシャー;大型;W・ブレイカー;多色;テンポ
DMPC-0390,火水二色の連鎖カード0390,火/水,5,呪文,,,条件を満たすと踏み倒しや特殊な展開につながる。,仮カード;火水二色;コンボ;踏み倒し;未知性;多色;テンポ
DMPC-0391,火水二色の初動カード0391,火/水,2,呪文,,,カードを1枚引く。,仮カード;火水二色;初動;低コスト;ドロー;リソース;多色;テンポ
DMPC-0392,火水二色の初動カード0392,火/水,3,クリーチャー,1000,ヒューマノイド/サイバーロード,カードを1枚引く。,仮カード;火水二色;初動;低コスト;ドロー;リソース;多色;テンポ
DMPC-0393,火水二色の除去カード0393,火/水,3,呪文,,,相手の小型クリーチャーに干渉する。,仮カード;火水二色;軽量除去;除去;テンポ;多色
DMPC-0394,火水二色の補給カード0394,火/水,4,呪文,,,手札や山札を整え、次の展開につなげる。,仮カード;火水二色;ドロー;リソース;手札補充;多色;テンポ
DMPC-0395,火水二色の中核カード0395,火/水,5,クリーチャー,4000,アーマード・ドラゴン/リキッド・ピープル,中盤の盤面を支えるクリーチャー。,仮カード;火水二色;中速;クリーチャー;多色;テンポ
DMPC-0396,火水二色の防衛カード0396,火/水,6,呪文,,,S・トリガー。相手の攻撃を止める防御札。,仮カード;火水二色;S・トリガー;受け札;速攻対策;バウンス;全体除去;多色;テンポ
DMPC-0397,火水二色の進化カード0397,火/水,6,進化クリーチャー,9000,アーマード・ドラゴン/リキッド・ピープル,進化。中盤から終盤の勝ち筋になる。,仮カード;火水二色;進化;フィニッシャー;多色;テンポ;アーマード・ドラゴン
DMPC-0398,火水二色の進化元カード0398,火/水,3,クリーチャー,2000,ヒューマノイド/サイバーロード,進化元として使いやすい軽量クリーチャー。,仮カード;火水二色;進化元;低コスト;クリーチャー;多色;テンポ
DMPC-0399,火水二色の決着カード0399,火/水,7,クリーチャー,8000,アーマード・ドラゴン/リキッド・ピープル,W・ブレイカーを持つ大型フィニッシャー。,仮カード;火水二色;フィニッシャー;大型;W・ブレイカー;多色;テンポ
DMPC-0400,火水二色の連鎖カード0400,火/水,5,呪文,,,条件を満たすと踏み倒しや特殊な展開につながる。,仮カード;火水二色;コンボ;踏み倒し;未知性;多色;テンポ
DMPC-0401,水自然二色の初動カード0401,水/自然,2,呪文,,,山札の上から1枚目をマナゾーンに置く。,仮カード;水自然二色;初動;低コスト;マナ加速;多色
DMPC-0402,水自然二色の初動カード0402,水/自然,3,クリーチャー,1000,サイバーロード/ビーストフォーク,山札の上から1枚目をマナゾーンに置く。,仮カード;水自然二色;初動;低コスト;マナ加速;多色
DMPC-0403,水自然二色の除去カード0403,水/自然,3,呪文,,,相手の小型クリーチャーに干渉する。,仮カード;水自然二色;軽量除去;除去;テンポ;多色
DMPC-0404,水自然二色の補給カード0404,水/自然,4,呪文,,,手札や山札を整え、次の展開につなげる。,仮カード;水自然二色;ドロー;リソース;手札補充;多色
DMPC-0405,水自然二色の中核カード0405,水/自然,5,クリーチャー,4000,リヴァイアサン/ジャイアント,中盤の盤面を支えるクリーチャー。,仮カード;水自然二色;中速;クリーチャー;多色
DMPC-0406,水自然二色の防衛カード0406,水/自然,6,呪文,,,S・トリガー。相手の攻撃を止める防御札。,仮カード;水自然二色;S・トリガー;受け札;速攻対策;バウンス;マナ送り;多色
DMPC-0407,水自然二色の進化カード0407,水/自然,6,進化クリーチャー,9000,リヴァイアサン/ジャイアント,進化。中盤から終盤の勝ち筋になる。,仮カード;水自然二色;進化;フィニッシャー;多色;リヴァイアサン
DMPC-0408,水自然二色の進化元カード0408,水/自然,3,クリーチャー,2000,サイバーロード/ビーストフォーク,進化元として使いやすい軽量クリーチャー。,仮カード;水自然二色;進化元;低コスト;クリーチャー;多色
DMPC-0409,水自然二色の決着カード0409,水/自然,7,クリーチャー,8000,リヴァイアサン/ジャイアント,W・ブレイカーを持つ大型フィニッシャー。,仮カード;水自然二色;フィニッシャー;大型;W・ブレイカー;多色
DMPC-0410,水自然二色の連鎖カード0410,水/自然,5,呪文,,,条件を満たすと踏み倒しや特殊な展開につながる。,仮カード;水自然二色;コンボ;踏み倒し;未知性;多色
DMPC-0411,水自然二色の初動カード0411,水/自然,2,呪文,,,山札の上から1枚目をマナゾーンに置く。,仮カード;水自然二色;初動;低コスト;マナ加速;多色
DMPC-0412,水自然二色の初動カード0412,水/自然,3,クリーチャー,1000,サイバーロード/ビーストフォーク,山札の上から1枚目をマナゾーンに置く。,仮カード;水自然二色;初動;低コスト;マナ加速;多色
DMPC-0413,水自然二色の除去カード0413,水/自然,3,呪文,,,相手の小型クリーチャーに干渉する。,仮カード;水自然二色;軽量除去;除去;テンポ;多色
DMPC-0414,水自然二色の補給カード0414,水/自然,4,呪文,,,手札や山札を整え、次の展開につなげる。,仮カード;水自然二色;ドロー;リソース;手札補充;多色
DMPC-0415,水自然二色の中核カード0415,水/自然,5,クリーチャー,4000,リヴァイアサン/ジャイアント,中盤の盤面を支えるクリーチャー。,仮カード;水自然二色;中速;クリーチャー;多色
DMPC-0416,水自然二色の防衛カード0416,水/自然,6,呪文,,,S・トリガー。相手の攻撃を止める防御札。,仮カード;水自然二色;S・トリガー;受け札;速攻対策;バウンス;マナ送り;多色
DMPC-0417,水自然二色の進化カード0417,水/自然,6,進化クリーチャー,9000,リヴァイアサン/ジャイアント,進化。中盤から終盤の勝ち筋になる。,仮カード;水自然二色;進化;フィニッシャー;多色;リヴァイアサン
DMPC-0418,水自然二色の進化元カード0418,水/自然,3,クリーチャー,2000,サイバーロード/ビーストフォーク,進化元として使いやすい軽量クリーチャー。,仮カード;水自然二色;進化元;低コスト;クリーチャー;多色
DMPC-0419,水自然二色の決着カード0419,水/自然,7,クリーチャー,8000,リヴァイアサン/ジャイアント,W・ブレイカーを持つ大型フィニッシャー。,仮カード;水自然二色;フィニッシャー;大型;W・ブレイカー;多色
DMPC-0420,水自然二色の連鎖カード0420,水/自然,5,呪文,,,条件を満たすと踏み倒しや特殊な展開につながる。,仮カード;水自然二色;コンボ;踏み倒し;未知性;多色
DMPC-0421,水自然二色の初動カード0421,水/自然,2,呪文,,,山札の上から1枚目をマナゾーンに置く。,仮カード;水自然二色;初動;低コスト;マナ加速;多色
DMPC-0422,水自然二色の初動カード0422,水/自然,3,クリーチャー,1000,サイバーロード/ビーストフォーク,山札の上から1枚目をマナゾーンに置く。,仮カード;水自然二色;初動;低コスト;マナ加速;多色
DMPC-0423,水自然二色の除去カード0423,水/自然,3,呪文,,,相手の小型クリーチャーに干渉する。,仮カード;水自然二色;軽量除去;除去;テンポ;多色
DMPC-0424,水自然二色の補給カード0424,水/自然,4,呪文,,,手札や山札を整え、次の展開につなげる。,仮カード;水自然二色;ドロー;リソース;手札補充;多色
DMPC-0425,水自然二色の中核カード0425,水/自然,5,クリーチャー,4000,リヴァイアサン/ジャイアント,中盤の盤面を支えるクリーチャー。,仮カード;水自然二色;中速;クリーチャー;多色
DMPC-0426,光自然二色の防衛カード0426,光/自然,6,呪文,,,S・トリガー。相手の攻撃を止める防御札。,仮カード;光自然二色;S・トリガー;受け札;速攻対策;タップ;マナ送り;多色
DMPC-0427,光自然二色の進化カード0427,光/自然,6,進化クリーチャー,9000,エンジェル・コマンド/ジャイアント,進化。中盤から終盤の勝ち筋になる。,仮カード;光自然二色;進化;フィニッシャー;多色;エンジェル・コマンド
DMPC-0428,光自然二色の進化元カード0428,光/自然,3,クリーチャー,2000,イニシエート/ビーストフォーク,進化元として使いやすい軽量クリーチャー。,仮カード;光自然二色;進化元;低コスト;クリーチャー;多色
DMPC-0429,光自然二色の決着カード0429,光/自然,7,クリーチャー,8000,エンジェル・コマンド/ジャイアント,W・ブレイカーを持つ大型フィニッシャー。,仮カード;光自然二色;フィニッシャー;大型;W・ブレイカー;多色
DMPC-0430,光自然二色の連鎖カード0430,光/自然,5,呪文,,,条件を満たすと踏み倒しや特殊な展開につながる。,仮カード;光自然二色;コンボ;踏み倒し;未知性;多色
DMPC-0431,光自然二色の初動カード0431,光/自然,2,呪文,,,山札の上から1枚目をマナゾーンに置く。,仮カード;光自然二色;初動;低コスト;マナ加速;多色
DMPC-0432,光自然二色の初動カード0432,光/自然,3,クリーチャー,1000,イニシエート/ビーストフォーク,山札の上から1枚目をマナゾーンに置く。,仮カード;光自然二色;初動;低コスト;マナ加速;多色
DMPC-0433,光自然二色の除去カード0433,光/自然,3,呪文,,,相手の小型クリーチャーに干渉する。,仮カード;光自然二色;軽量除去;除去;テンポ;多色
DMPC-0434,光自然二色の補給カード0434,光/自然,4,呪文,,,手札や山札を整え、次の展開につなげる。,仮カード;光自然二色;ドロー;リソース;手札補充;多色
DMPC-0435,光自然二色の中核カード0435,光/自然,5,クリーチャー,4000,エンジェル・コマンド/ジャイアント,中盤の盤面を支えるクリーチャー。,仮カード;光自然二色;中速;クリーチャー;多色
DMPC-0436,光自然二色の防衛カード0436,光/自然,6,呪文,,,S・トリガー。相手の攻撃を止める防御札。,仮カード;光自然二色;S・トリガー;受け札;速攻対策;タップ;マナ送り;多色
DMPC-0437,光自然二色の進化カード0437,光/自然,6,進化クリーチャー,9000,エンジェル・コマンド/ジャイアント,進化。中盤から終盤の勝ち筋になる。,仮カード;光自然二色;進化;フィニッシャー;多色;エンジェル・コマンド
DMPC-0438,光自然二色の進化元カード0438,光/自然,3,クリーチャー,2000,イニシエート/ビーストフォーク,進化元として使いやすい軽量クリーチャー。,仮カード;光自然二色;進化元;低コスト;クリーチャー;多色
DMPC-0439,光自然二色の決着カード0439,光/自然,7,クリーチャー,8000,エンジェル・コマンド/ジャイアント,W・ブレイカーを持つ大型フィニッシャー。,仮カード;光自然二色;フィニッシャー;大型;W・ブレイカー;多色
DMPC-0440,光自然二色の連鎖カード0440,光/自然,5,呪文,,,条件を満たすと踏み倒しや特殊な展開につながる。,仮カード;光自然二色;コンボ;踏み倒し;未知性;多色
DMPC-0441,光自然二色の初動カード0441,光/自然,2,呪文,,,山札の上から1枚目をマナゾーンに置く。,仮カード;光自然二色;初動;低コスト;マナ加速;多色
DMPC-0442,光自然二色の初動カード0442,光/自然,3,クリーチャー,1000,イニシエート/ビーストフォーク,山札の上から1枚目をマナゾーンに置く。,仮カード;光自然二色;初動;低コスト;マナ加速;多色
DMPC-0443,光自然二色の除去カード0443,光/自然,3,呪文,,,相手の小型クリーチャーに干渉する。,仮カード;光自然二色;軽量除去;除去;テンポ;多色
DMPC-0444,光自然二色の補給カード0444,光/自然,4,呪文,,,手札や山札を整え、次の展開につなげる。,仮カード;光自然二色;ドロー;リソース;手札補充;多色
DMPC-0445,光自然二色の中核カード0445,光/自然,5,クリーチャー,4000,エンジェル・コマンド/ジャイアント,中盤の盤面を支えるクリーチャー。,仮カード;光自然二色;中速;クリーチャー;多色
DMPC-0446,光自然二色の防衛カード0446,光/自然,6,呪文,,,S・トリガー。相手の攻撃を止める防御札。,仮カード;光自然二色;S・トリガー;受け札;速攻対策;タップ;マナ送り;多色
DMPC-0447,光自然二色の進化カード0447,光/自然,6,進化クリーチャー,9000,エンジェル・コマンド/ジャイアント,進化。中盤から終盤の勝ち筋になる。,仮カード;光自然二色;進化;フィニッシャー;多色;エンジェル・コマンド
DMPC-0448,光自然二色の進化元カード0448,光/自然,3,クリーチャー,2000,イニシエート/ビーストフォーク,進化元として使いやすい軽量クリーチャー。,仮カード;光自然二色;進化元;低コスト;クリーチャー;多色
DMPC-0449,光自然二色の決着カード0449,光/自然,7,クリーチャー,8000,エンジェル・コマンド/ジャイアント,W・ブレイカーを持つ大型フィニッシャー。,仮カード;光自然二色;フィニッシャー;大型;W・ブレイカー;多色
DMPC-0450,光自然二色の連鎖カード0450,光/自然,5,呪文,,,条件を満たすと踏み倒しや特殊な展開につながる。,仮カード;光自然二色;コンボ;踏み倒し;未知性;多色
DMPC-0451,シータの初動カード0451,水/火/自然,2,呪文,,,山札の上から1枚目をマナゾーンに置く。,仮カード;シータ;初動;低コスト;マナ加速;多色;ビートダウン
DMPC-0452,シータの初動カード0452,水/火/自然,3,クリーチャー,1000,サイバーロード/アーマード・ドラゴン/ビーストフォーク,山札の上から1枚目をマナゾーンに置く。,仮カード;シータ;初動;低コスト;マナ加速;多色;ビートダウン
DMPC-0453,シータの除去カード0453,水/火/自然,3,呪文,,,相手の小型クリーチャーに干渉する。,仮カード;シータ;軽量除去;除去;テンポ;多色;ビートダウン
DMPC-0454,シータの補給カード0454,水/火/自然,4,呪文,,,手札や山札を整え、次の展開につなげる。,仮カード;シータ;ドロー;リソース;手札補充;多色;ビートダウン
DMPC-0455,シータの中核カード0455,水/火/自然,5,クリーチャー,4000,サイバーロード/アーマード・ドラゴン/ビーストフォーク,中盤の盤面を支えるクリーチャー。,仮カード;シータ;中速;クリーチャー;多色;ビートダウン
DMPC-0456,シータの防衛カード0456,水/火/自然,6,呪文,,,S・トリガー。相手の攻撃を止める防御札。,仮カード;シータ;S・トリガー;受け札;速攻対策;バウンス;全体除去;マナ送り;多色;ビートダウン
DMPC-0457,シータの進化カード0457,水/火/自然,6,進化クリーチャー,9000,サイバーロード/アーマード・ドラゴン/ビーストフォーク,進化。中盤から終盤の勝ち筋になる。,仮カード;シータ;進化;フィニッシャー;多色;ビートダウン;サイバーロード
DMPC-0458,シータの進化元カード0458,水/火/自然,3,クリーチャー,2000,サイバーロード/アーマード・ドラゴン/ビーストフォーク,進化元として使いやすい軽量クリーチャー。,仮カード;シータ;進化元;低コスト;クリーチャー;多色;ビートダウン
DMPC-0459,シータの決着カード0459,水/火/自然,7,クリーチャー,8000,サイバーロード/アーマード・ドラゴン/ビーストフォーク,W・ブレイカーを持つ大型フィニッシャー。,仮カード;シータ;フィニッシャー;大型;W・ブレイカー;多色;ビートダウン
DMPC-0460,シータの連鎖カード0460,水/火/自然,5,呪文,,,条件を満たすと踏み倒しや特殊な展開につながる。,仮カード;シータ;コンボ;踏み倒し;未知性;多色;ビートダウン
DMPC-0461,シータの初動カード0461,水/火/自然,2,呪文,,,山札の上から1枚目をマナゾーンに置く。,仮カード;シータ;初動;低コスト;マナ加速;多色;ビートダウン
DMPC-0462,シータの初動カード0462,水/火/自然,3,クリーチャー,1000,サイバーロード/アーマード・ドラゴン/ビーストフォーク,山札の上から1枚目をマナゾーンに置く。,仮カード;シータ;初動;低コスト;マナ加速;多色;ビートダウン
DMPC-0463,シータの除去カード0463,水/火/自然,3,呪文,,,相手の小型クリーチャーに干渉する。,仮カード;シータ;軽量除去;除去;テンポ;多色;ビートダウン
DMPC-0464,シータの補給カード0464,水/火/自然,4,呪文,,,手札や山札を整え、次の展開につなげる。,仮カード;シータ;ドロー;リソース;手札補充;多色;ビートダウン
DMPC-0465,シータの中核カード0465,水/火/自然,5,クリーチャー,4000,サイバーロード/アーマード・ドラゴン/ビーストフォーク,中盤の盤面を支えるクリーチャー。,仮カード;シータ;中速;クリーチャー;多色;ビートダウン
DMPC-0466,シータの防衛カード0466,水/火/自然,6,呪文,,,S・トリガー。相手の攻撃を止める防御札。,仮カード;シータ;S・トリガー;受け札;速攻対策;バウンス;全体除去;マナ送り;多色;ビートダウン
DMPC-0467,シータの進化カード0467,水/火/自然,6,進化クリーチャー,9000,サイバーロード/アーマード・ドラゴン/ビーストフォーク,進化。中盤から終盤の勝ち筋になる。,仮カード;シータ;進化;フィニッシャー;多色;ビートダウン;サイバーロード
DMPC-0468,シータの進化元カード0468,水/火/自然,3,クリーチャー,2000,サイバーロード/アーマード・ドラゴン/ビーストフォーク,進化元として使いやすい軽量クリーチャー。,仮カード;シータ;進化元;低コスト;クリーチャー;多色;ビートダウン
DMPC-0469,シータの決着カード0469,水/火/自然,7,クリーチャー,8000,サイバーロード/アーマード・ドラゴン/ビーストフォーク,W・ブレイカーを持つ大型フィニッシャー。,仮カード;シータ;フィニッシャー;大型;W・ブレイカー;多色;ビートダウン
DMPC-0470,シータの連鎖カード0470,水/火/自然,5,呪文,,,条件を満たすと踏み倒しや特殊な展開につながる。,仮カード;シータ;コンボ;踏み倒し;未知性;多色;ビートダウン
DMPC-0471,シータの初動カード0471,水/火/自然,2,呪文,,,山札の上から1枚目をマナゾーンに置く。,仮カード;シータ;初動;低コスト;マナ加速;多色;ビートダウン
DMPC-0472,シータの初動カード0472,水/火/自然,3,クリーチャー,1000,サイバーロード/アーマード・ドラゴン/ビーストフォーク,山札の上から1枚目をマナゾーンに置く。,仮カード;シータ;初動;低コスト;マナ加速;多色;ビートダウン
DMPC-0473,シータの除去カード0473,水/火/自然,3,呪文,,,相手の小型クリーチャーに干渉する。,仮カード;シータ;軽量除去;除去;テンポ;多色;ビートダウン
DMPC-0474,シータの補給カード0474,水/火/自然,4,呪文,,,手札や山札を整え、次の展開につなげる。,仮カード;シータ;ドロー;リソース;手札補充;多色;ビートダウン
DMPC-0475,シータの中核カード0475,水/火/自然,5,クリーチャー,4000,サイバーロード/アーマード・ドラゴン/ビーストフォーク,中盤の盤面を支えるクリーチャー。,仮カード;シータ;中速;クリーチャー;多色;ビートダウン
DMPC-0476,シータの防衛カード0476,水/火/自然,6,呪文,,,S・トリガー。相手の攻撃を止める防御札。,仮カード;シータ;S・トリガー;受け札;速攻対策;バウンス;全体除去;マナ送り;多色;ビートダウン
DMPC-0477,シータの進化カード0477,水/火/自然,6,進化クリーチャー,9000,サイバーロード/アーマード・ドラゴン/ビーストフォーク,進化。中盤から終盤の勝ち筋になる。,仮カード;シータ;進化;フィニッシャー;多色;ビートダウン;サイバーロード
DMPC-0478,シータの進化元カード0478,水/火/自然,3,クリーチャー,2000,サイバーロード/アーマード・ドラゴン/ビーストフォーク,進化元として使いやすい軽量クリーチャー。,仮カード;シータ;進化元;低コスト;クリーチャー;多色;ビートダウン
DMPC-0479,シータの決着カード0479,水/火/自然,7,クリーチャー,8000,サイバーロード/アーマード・ドラゴン/ビーストフォーク,W・ブレイカーを持つ大型フィニッシャー。,仮カード;シータ;フィニッシャー;大型;W・ブレイカー;多色;ビートダウン
DMPC-0480,シータの連鎖カード0480,水/火/自然,5,呪文,,,条件を満たすと踏み倒しや特殊な展開につながる。,仮カード;シータ;コンボ;踏み倒し;未知性;多色;ビートダウン
DMPC-0481,シータの初動カード0481,水/火/自然,2,呪文,,,山札の上から1枚目をマナゾーンに置く。,仮カード;シータ;初動;低コスト;マナ加速;多色;ビートダウン
DMPC-0482,シータの初動カード0482,水/火/自然,3,クリーチャー,1000,サイバーロード/アーマード・ドラゴン/ビーストフォーク,山札の上から1枚目をマナゾーンに置く。,仮カード;シータ;初動;低コスト;マナ加速;多色;ビートダウン
DMPC-0483,シータの除去カード0483,水/火/自然,3,呪文,,,相手の小型クリーチャーに干渉する。,仮カード;シータ;軽量除去;除去;テンポ;多色;ビートダウン
DMPC-0484,シータの補給カード0484,水/火/自然,4,呪文,,,手札や山札を整え、次の展開につなげる。,仮カード;シータ;ドロー;リソース;手札補充;多色;ビートダウン
DMPC-0485,トリーヴァの中核カード0485,光/水/自然,5,クリーチャー,4000,ガーディアン/サイバーロード/ビーストフォーク,中盤の盤面を支えるクリーチャー。,仮カード;トリーヴァ;中速;クリーチャー;多色;耐久;コントロール
DMPC-0486,トリーヴァの防衛カード0486,光/水/自然,6,呪文,,,S・トリガー。相手の攻撃を止める防御札。,仮カード;トリーヴァ;S・トリガー;受け札;速攻対策;バウンス;タップ;マナ送り;多色;耐久;コントロール
DMPC-0487,トリーヴァの進化カード0487,光/水/自然,6,進化クリーチャー,9000,ガーディアン/サイバーロード/ビーストフォーク,進化。中盤から終盤の勝ち筋になる。,仮カード;トリーヴァ;進化;フィニッシャー;多色;耐久;コントロール;ガーディアン
DMPC-0488,トリーヴァの進化元カード0488,光/水/自然,3,クリーチャー,2000,ガーディアン/サイバーロード/ビーストフォーク,進化元として使いやすい軽量クリーチャー。,仮カード;トリーヴァ;進化元;低コスト;クリーチャー;多色;耐久;コントロール
DMPC-0489,トリーヴァの決着カード0489,光/水/自然,7,クリーチャー,8000,ガーディアン/サイバーロード/ビーストフォーク,W・ブレイカーを持つ大型フィニッシャー。,仮カード;トリーヴァ;フィニッシャー;大型;W・ブレイカー;多色;耐久;コントロール
DMPC-0490,トリーヴァの連鎖カード0490,光/水/自然,5,呪文,,,条件を満たすと踏み倒しや特殊な展開につながる。,仮カード;トリーヴァ;コンボ;踏み倒し;未知性;多色;耐久;コントロール
DMPC-0491,トリーヴァの初動カード0491,光/水/自然,2,呪文,,,山札の上から1枚目をマナゾーンに置く。,仮カード;トリーヴァ;初動;低コスト;マナ加速;多色;耐久;コントロール
DMPC-0492,トリーヴァの初動カード0492,光/水/自然,3,クリーチャー,1000,ガーディアン/サイバーロード/ビーストフォーク,山札の上から1枚目をマナゾーンに置く。,仮カード;トリーヴァ;初動;低コスト;マナ加速;多色;耐久;コントロール
DMPC-0493,トリーヴァの除去カード0493,光/水/自然,3,呪文,,,相手の小型クリーチャーに干渉する。,仮カード;トリーヴァ;軽量除去;除去;テンポ;多色;耐久;コントロール
DMPC-0494,トリーヴァの補給カード0494,光/水/自然,4,呪文,,,手札や山札を整え、次の展開につなげる。,仮カード;トリーヴァ;ドロー;リソース;手札補充;多色;耐久;コントロール
DMPC-0495,トリーヴァの中核カード0495,光/水/自然,5,クリーチャー,4000,ガーディアン/サイバーロード/ビーストフォーク,中盤の盤面を支えるクリーチャー。,仮カード;トリーヴァ;中速;クリーチャー;多色;耐久;コントロール
DMPC-0496,トリーヴァの防衛カード0496,光/水/自然,6,呪文,,,S・トリガー。相手の攻撃を止める防御札。,仮カード;トリーヴァ;S・トリガー;受け札;速攻対策;バウンス;タップ;マナ送り;多色;耐久;コントロール
DMPC-0497,トリーヴァの進化カード0497,光/水/自然,6,進化クリーチャー,9000,ガーディアン/サイバーロード/ビーストフォーク,進化。中盤から終盤の勝ち筋になる。,仮カード;トリーヴァ;進化;フィニッシャー;多色;耐久;コントロール;ガーディアン
DMPC-0498,トリーヴァの進化元カード0498,光/水/自然,3,クリーチャー,2000,ガーディアン/サイバーロード/ビーストフォーク,進化元として使いやすい軽量クリーチャー。,仮カード;トリーヴァ;進化元;低コスト;クリーチャー;多色;耐久;コントロール
DMPC-0499,トリーヴァの決着カード0499,光/水/自然,7,クリーチャー,8000,ガーディアン/サイバーロード/ビーストフォーク,W・ブレイカーを持つ大型フィニッシャー。,仮カード;トリーヴァ;フィニッシャー;大型;W・ブレイカー;多色;耐久;コントロール
DMPC-0500,トリーヴァの連鎖カード0500,光/水/自然,5,呪文,,,条件を満たすと踏み倒しや特殊な展開につながる。,仮カード;トリーヴァ;コンボ;踏み倒し;未知性;多色;耐久;コントロール
DMPC-0501,トリーヴァの初動カード0501,光/水/自然,2,呪文,,,山札の上から1枚目をマナゾーンに置く。,仮カード;トリーヴァ;初動;低コスト;マナ加速;多色;耐久;コントロール
DMPC-0502,トリーヴァの初動カード0502,光/水/自然,3,クリーチャー,1000,ガーディアン/サイバーロード/ビーストフォーク,山札の上から1枚目をマナゾーンに置く。,仮カード;トリーヴァ;初動;低コスト;マナ加速;多色;耐久;コントロール
DMPC-0503,トリーヴァの除去カード0503,光/水/自然,3,呪文,,,相手の小型クリーチャーに干渉する。,仮カード;トリーヴァ;軽量除去;除去;テンポ;多色;耐久;コントロール
DMPC-0504,トリーヴァの補給カード0504,光/水/自然,4,呪文,,,手札や山札を整え、次の展開につなげる。,仮カード;トリーヴァ;ドロー;リソース;手札補充;多色;耐久;コントロール
DMPC-0505,トリーヴァの中核カード0505,光/水/自然,5,クリーチャー,4000,ガーディアン/サイバーロード/ビーストフォーク,中盤の盤面を支えるクリーチャー。,仮カード;トリーヴァ;中速;クリーチャー;多色;耐久;コントロール
DMPC-0506,トリーヴァの防衛カード0506,光/水/自然,6,呪文,,,S・トリガー。相手の攻撃を止める防御札。,仮カード;トリーヴァ;S・トリガー;受け札;速攻対策;バウンス;タップ;マナ送り;多色;耐久;コントロール
DMPC-0507,トリーヴァの進化カード0507,光/水/自然,6,進化クリーチャー,9000,ガーディアン/サイバーロード/ビーストフォーク,進化。中盤から終盤の勝ち筋になる。,仮カード;トリーヴァ;進化;フィニッシャー;多色;耐久;コントロール;ガーディアン
DMPC-0508,トリーヴァの進化元カード0508,光/水/自然,3,クリーチャー,2000,ガーディアン/サイバーロード/ビーストフォーク,進化元として使いやすい軽量クリーチャー。,仮カード;トリーヴァ;進化元;低コスト;クリーチャー;多色;耐久;コントロール
DMPC-0509,トリーヴァの決着カード0509,光/水/自然,7,クリーチャー,8000,ガーディアン/サイバーロード/ビーストフォーク,W・ブレイカーを持つ大型フィニッシャー。,仮カード;トリーヴァ;フィニッシャー;大型;W・ブレイカー;多色;耐久;コントロール
DMPC-0510,トリーヴァの連鎖カード0510,光/水/自然,5,呪文,,,条件を満たすと踏み倒しや特殊な展開につながる。,仮カード;トリーヴァ;コンボ;踏み倒し;未知性;多色;耐久;コントロール
DMPC-0511,トリーヴァの初動カード0511,光/水/自然,2,呪文,,,山札の上から1枚目をマナゾーンに置く。,仮カード;トリーヴァ;初動;低コスト;マナ加速;多色;耐久;コントロール
DMPC-0512,トリーヴァの初動カード0512,光/水/自然,3,クリーチャー,1000,ガーディアン/サイバーロード/ビーストフォーク,山札の上から1枚目をマナゾーンに置く。,仮カード;トリーヴァ;初動;低コスト;マナ加速;多色;耐久;コントロール
DMPC-0513,トリーヴァの除去カード0513,光/水/自然,3,呪文,,,相手の小型クリーチャーに干渉する。,仮カード;トリーヴァ;軽量除去;除去;テンポ;多色;耐久;コントロール
DMPC-0514,トリーヴァの補給カード0514,光/水/自然,4,呪文,,,手札や山札を整え、次の展開につなげる。,仮カード;トリーヴァ;ドロー;リソース;手札補充;多色;耐久;コントロール
DMPC-0515,トリーヴァの中核カード0515,光/水/自然,5,クリーチャー,4000,ガーディアン/サイバーロード/ビーストフォーク,中盤の盤面を支えるクリーチャー。,仮カード;トリーヴァ;中速;クリーチャー;多色;耐久;コントロール
DMPC-0516,トリーヴァの防衛カード0516,光/水/自然,6,呪文,,,S・トリガー。相手の攻撃を止める防御札。,仮カード;トリーヴァ;S・トリガー;受け札;速攻対策;バウンス;タップ;マナ送り;多色;耐久;コントロール
DMPC-0517,トリーヴァの進化カード0517,光/水/自然,6,進化クリーチャー,9000,ガーディアン/サイバーロード/ビーストフォーク,進化。中盤から終盤の勝ち筋になる。,仮カード;トリーヴァ;進化;フィニッシャー;多色;耐久;コントロール;ガーディアン
DMPC-0518,トリーヴァの進化元カード0518,光/水/自然,3,クリーチャー,2000,ガーディアン/サイバーロード/ビーストフォーク,進化元として使いやすい軽量クリーチャー。,仮カード;トリーヴァ;進化元;低コスト;クリーチャー;多色;耐久;コントロール
DMPC-0519,クローシスの決着カード0519,水/闇/火,7,クリーチャー,8000,サイバーロード/デスパペット/ヒューマノイド,W・ブレイカーを持つ大型フィニッシャー。,仮カード;クローシス;フィニッシャー;大型;W・ブレイカー;多色;ハンデス;墓地利用
DMPC-0520,クローシスの連鎖カード0520,水/闇/火,5,呪文,,,条件を満たすと踏み倒しや特殊な展開につながる。,仮カード;クローシス;コンボ;踏み倒し;未知性;多色;ハンデス;墓地利用
DMPC-0521,クローシスの初動カード0521,水/闇/火,2,呪文,,,カードを1枚引く。,仮カード;クローシス;初動;低コスト;ドロー;リソース;多色;ハンデス;墓地利用
DMPC-0522,クローシスの初動カード0522,水/闇/火,3,クリーチャー,1000,サイバーロード/デスパペット/ヒューマノイド,カードを1枚引く。,仮カード;クローシス;初動;低コスト;ドロー;リソース;多色;ハンデス;墓地利用
DMPC-0523,クローシスの除去カード0523,水/闇/火,3,呪文,,,相手の小型クリーチャーに干渉する。,仮カード;クローシス;軽量除去;除去;テンポ;多色;ハンデス;墓地利用
DMPC-0524,クローシスの補給カード0524,水/闇/火,4,呪文,,,手札や山札を整え、次の展開につなげる。,仮カード;クローシス;ドロー;リソース;手札補充;多色;ハンデス;墓地利用
DMPC-0525,クローシスの中核カード0525,水/闇/火,5,クリーチャー,4000,サイバーロード/デスパペット/ヒューマノイド,中盤の盤面を支えるクリーチャー。,仮カード;クローシス;中速;クリーチャー;多色;ハンデス;墓地利用
DMPC-0526,クローシスの防衛カード0526,水/闇/火,6,呪文,,,S・トリガー。相手の攻撃を止める防御札。,仮カード;クローシス;S・トリガー;受け札;速攻対策;バウンス;除去;全体除去;多色;ハンデス;墓地利用
DMPC-0527,クローシスの進化カード0527,水/闇/火,6,進化クリーチャー,9000,サイバーロード/デスパペット/ヒューマノイド,進化。中盤から終盤の勝ち筋になる。,仮カード;クローシス;進化;フィニッシャー;多色;ハンデス;墓地利用;サイバーロード
DMPC-0528,クローシスの進化元カード0528,水/闇/火,3,クリーチャー,2000,サイバーロード/デスパペット/ヒューマノイド,進化元として使いやすい軽量クリーチャー。,仮カード;クローシス;進化元;低コスト;クリーチャー;多色;ハンデス;墓地利用
DMPC-0529,クローシスの決着カード0529,水/闇/火,7,クリーチャー,8000,サイバーロード/デスパペット/ヒューマノイド,W・ブレイカーを持つ大型フィニッシャー。,仮カード;クローシス;フィニッシャー;大型;W・ブレイカー;多色;ハンデス;墓地利用
DMPC-0530,クローシスの連鎖カード0530,水/闇/火,5,呪文,,,条件を満たすと踏み倒しや特殊な展開につながる。,仮カード;クローシス;コンボ;踏み倒し;未知性;多色;ハンデス;墓地利用
DMPC-0531,クローシスの初動カード0531,水/闇/火,2,呪文,,,カードを1枚引く。,仮カード;クローシス;初動;低コスト;ドロー;リソース;多色;ハンデス;墓地利用
DMPC-0532,クローシスの初動カード0532,水/闇/火,3,クリーチャー,1000,サイバーロード/デスパペット/ヒューマノイド,カードを1枚引く。,仮カード;クローシス;初動;低コスト;ドロー;リソース;多色;ハンデス;墓地利用
DMPC-0533,クローシスの除去カード0533,水/闇/火,3,呪文,,,相手の小型クリーチャーに干渉する。,仮カード;クローシス;軽量除去;除去;テンポ;多色;ハンデス;墓地利用
DMPC-0534,クローシスの補給カード0534,水/闇/火,4,呪文,,,手札や山札を整え、次の展開につなげる。,仮カード;クローシス;ドロー;リソース;手札補充;多色;ハンデス;墓地利用
DMPC-0535,クローシスの中核カード0535,水/闇/火,5,クリーチャー,4000,サイバーロード/デスパペット/ヒューマノイド,中盤の盤面を支えるクリーチャー。,仮カード;クローシス;中速;クリーチャー;多色;ハンデス;墓地利用
DMPC-0536,クローシスの防衛カード0536,水/闇/火,6,呪文,,,S・トリガー。相手の攻撃を止める防御札。,仮カード;クローシス;S・トリガー;受け札;速攻対策;バウンス;除去;全体除去;多色;ハンデス;墓地利用
DMPC-0537,クローシスの進化カード0537,水/闇/火,6,進化クリーチャー,9000,サイバーロード/デスパペット/ヒューマノイド,進化。中盤から終盤の勝ち筋になる。,仮カード;クローシス;進化;フィニッシャー;多色;ハンデス;墓地利用;サイバーロード
DMPC-0538,クローシスの進化元カード0538,水/闇/火,3,クリーチャー,2000,サイバーロード/デスパペット/ヒューマノイド,進化元として使いやすい軽量クリーチャー。,仮カード;クローシス;進化元;低コスト;クリーチャー;多色;ハンデス;墓地利用
DMPC-0539,クローシスの決着カード0539,水/闇/火,7,クリーチャー,8000,サイバーロード/デスパペット/ヒューマノイド,W・ブレイカーを持つ大型フィニッシャー。,仮カード;クローシス;フィニッシャー;大型;W・ブレイカー;多色;ハンデス;墓地利用
DMPC-0540,クローシスの連鎖カード0540,水/闇/火,5,呪文,,,条件を満たすと踏み倒しや特殊な展開につながる。,仮カード;クローシス;コンボ;踏み倒し;未知性;多色;ハンデス;墓地利用
DMPC-0541,クローシスの初動カード0541,水/闇/火,2,呪文,,,カードを1枚引く。,仮カード;クローシス;初動;低コスト;ドロー;リソース;多色;ハンデス;墓地利用
DMPC-0542,クローシスの初動カード0542,水/闇/火,3,クリーチャー,1000,サイバーロード/デスパペット/ヒューマノイド,カードを1枚引く。,仮カード;クローシス;初動;低コスト;ドロー;リソース;多色;ハンデス;墓地利用
DMPC-0543,クローシスの除去カード0543,水/闇/火,3,呪文,,,相手の小型クリーチャーに干渉する。,仮カード;クローシス;軽量除去;除去;テンポ;多色;ハンデス;墓地利用
DMPC-0544,クローシスの補給カード0544,水/闇/火,4,呪文,,,手札や山札を整え、次の展開につなげる。,仮カード;クローシス;ドロー;リソース;手札補充;多色;ハンデス;墓地利用
DMPC-0545,クローシスの中核カード0545,水/闇/火,5,クリーチャー,4000,サイバーロード/デスパペット/ヒューマノイド,中盤の盤面を支えるクリーチャー。,仮カード;クローシス;中速;クリーチャー;多色;ハンデス;墓地利用
DMPC-0546,クローシスの防衛カード0546,水/闇/火,6,呪文,,,S・トリガー。相手の攻撃を止める防御札。,仮カード;クローシス;S・トリガー;受け札;速攻対策;バウンス;除去;全体除去;多色;ハンデス;墓地利用
DMPC-0547,クローシスの進化カード0547,水/闇/火,6,進化クリーチャー,9000,サイバーロード/デスパペット/ヒューマノイド,進化。中盤から終盤の勝ち筋になる。,仮カード;クローシス;進化;フィニッシャー;多色;ハンデス;墓地利用;サイバーロード
DMPC-0548,クローシスの進化元カード0548,水/闇/火,3,クリーチャー,2000,サイバーロード/デスパペット/ヒューマノイド,進化元として使いやすい軽量クリーチャー。,仮カード;クローシス;進化元;低コスト;クリーチャー;多色;ハンデス;墓地利用
DMPC-0549,クローシスの決着カード0549,水/闇/火,7,クリーチャー,8000,サイバーロード/デスパペット/ヒューマノイド,W・ブレイカーを持つ大型フィニッシャー。,仮カード;クローシス;フィニッシャー;大型;W・ブレイカー;多色;ハンデス;墓地利用
DMPC-0550,クローシスの連鎖カード0550,水/闇/火,5,呪文,,,条件を満たすと踏み倒しや特殊な展開につながる。,仮カード;クローシス;コンボ;踏み倒し;未知性;多色;ハンデス;墓地利用
DMPC-0551,クローシスの初動カード0551,水/闇/火,2,呪文,,,カードを1枚引く。,仮カード;クローシス;初動;低コスト;ドロー;リソース;多色;ハンデス;墓地利用
DMPC-0552,クローシスの初動カード0552,水/闇/火,3,クリーチャー,1000,サイバーロード/デスパペット/ヒューマノイド,カードを1枚引く。,仮カード;クローシス;初動;低コスト;ドロー;リソース;多色;ハンデス;墓地利用
DMPC-0553,ネクラの除去カード0553,光/闇/自然,3,呪文,,,相手の小型クリーチャーに干渉する。,仮カード;ネクラ;軽量除去;除去;テンポ;多色;耐久;コントロール
DMPC-0554,ネクラの補給カード0554,光/闇/自然,4,呪文,,,手札や山札を整え、次の展開につなげる。,仮カード;ネクラ;ドロー;リソース;手札補充;多色;耐久;コントロール
DMPC-0555,ネクラの中核カード0555,光/闇/自然,5,クリーチャー,4000,エンジェル・コマンド/デーモン・コマンド/ジャイアント,中盤の盤面を支えるクリーチャー。,仮カード;ネクラ;中速;クリーチャー;多色;耐久;コントロール
DMPC-0556,ネクラの防衛カード0556,光/闇/自然,6,呪文,,,S・トリガー。相手の攻撃を止める防御札。,仮カード;ネクラ;S・トリガー;受け札;速攻対策;除去;タップ;マナ送り;多色;耐久;コントロール
DMPC-0557,ネクラの進化カード0557,光/闇/自然,6,進化クリーチャー,9000,エンジェル・コマンド/デーモン・コマンド/ジャイアント,進化。中盤から終盤の勝ち筋になる。,仮カード;ネクラ;進化;フィニッシャー;多色;耐久;コントロール;エンジェル・コマンド
DMPC-0558,ネクラの進化元カード0558,光/闇/自然,3,クリーチャー,2000,エンジェル・コマンド/デーモン・コマンド/ジャイアント,進化元として使いやすい軽量クリーチャー。,仮カード;ネクラ;進化元;低コスト;クリーチャー;多色;耐久;コントロール
DMPC-0559,ネクラの決着カード0559,光/闇/自然,7,クリーチャー,8000,エンジェル・コマンド/デーモン・コマンド/ジャイアント,W・ブレイカーを持つ大型フィニッシャー。,仮カード;ネクラ;フィニッシャー;大型;W・ブレイカー;多色;耐久;コントロール
DMPC-0560,ネクラの連鎖カード0560,光/闇/自然,5,呪文,,,条件を満たすと踏み倒しや特殊な展開につながる。,仮カード;ネクラ;コンボ;踏み倒し;未知性;多色;耐久;コントロール
DMPC-0561,ネクラの初動カード0561,光/闇/自然,2,呪文,,,山札の上から1枚目をマナゾーンに置く。,仮カード;ネクラ;初動;低コスト;マナ加速;多色;耐久;コントロール
DMPC-0562,ネクラの初動カード0562,光/闇/自然,3,クリーチャー,1000,エンジェル・コマンド/デーモン・コマンド/ジャイアント,山札の上から1枚目をマナゾーンに置く。,仮カード;ネクラ;初動;低コスト;マナ加速;多色;耐久;コントロール
DMPC-0563,ネクラの除去カード0563,光/闇/自然,3,呪文,,,相手の小型クリーチャーに干渉する。,仮カード;ネクラ;軽量除去;除去;テンポ;多色;耐久;コントロール
DMPC-0564,ネクラの補給カード0564,光/闇/自然,4,呪文,,,手札や山札を整え、次の展開につなげる。,仮カード;ネクラ;ドロー;リソース;手札補充;多色;耐久;コントロール
DMPC-0565,ネクラの中核カード0565,光/闇/自然,5,クリーチャー,4000,エンジェル・コマンド/デーモン・コマンド/ジャイアント,中盤の盤面を支えるクリーチャー。,仮カード;ネクラ;中速;クリーチャー;多色;耐久;コントロール
DMPC-0566,ネクラの防衛カード0566,光/闇/自然,6,呪文,,,S・トリガー。相手の攻撃を止める防御札。,仮カード;ネクラ;S・トリガー;受け札;速攻対策;除去;タップ;マナ送り;多色;耐久;コントロール
DMPC-0567,ネクラの進化カード0567,光/闇/自然,6,進化クリーチャー,9000,エンジェル・コマンド/デーモン・コマンド/ジャイアント,進化。中盤から終盤の勝ち筋になる。,仮カード;ネクラ;進化;フィニッシャー;多色;耐久;コントロール;エンジェル・コマンド
DMPC-0568,ネクラの進化元カード0568,光/闇/自然,3,クリーチャー,2000,エンジェル・コマンド/デーモン・コマンド/ジャイアント,進化元として使いやすい軽量クリーチャー。,仮カード;ネクラ;進化元;低コスト;クリーチャー;多色;耐久;コントロール
DMPC-0569,ネクラの決着カード0569,光/闇/自然,7,クリーチャー,8000,エンジェル・コマンド/デーモン・コマンド/ジャイアント,W・ブレイカーを持つ大型フィニッシャー。,仮カード;ネクラ;フィニッシャー;大型;W・ブレイカー;多色;耐久;コントロール
DMPC-0570,ネクラの連鎖カード0570,光/闇/自然,5,呪文,,,条件を満たすと踏み倒しや特殊な展開につながる。,仮カード;ネクラ;コンボ;踏み倒し;未知性;多色;耐久;コントロール
DMPC-0571,ネクラの初動カード0571,光/闇/自然,2,呪文,,,山札の上から1枚目をマナゾーンに置く。,仮カード;ネクラ;初動;低コスト;マナ加速;多色;耐久;コントロール
DMPC-0572,ネクラの初動カード0572,光/闇/自然,3,クリーチャー,1000,エンジェル・コマンド/デーモン・コマンド/ジャイアント,山札の上から1枚目をマナゾーンに置く。,仮カード;ネクラ;初動;低コスト;マナ加速;多色;耐久;コントロール
DMPC-0573,ネクラの除去カード0573,光/闇/自然,3,呪文,,,相手の小型クリーチャーに干渉する。,仮カード;ネクラ;軽量除去;除去;テンポ;多色;耐久;コントロール
DMPC-0574,ネクラの補給カード0574,光/闇/自然,4,呪文,,,手札や山札を整え、次の展開につなげる。,仮カード;ネクラ;ドロー;リソース;手札補充;多色;耐久;コントロール
DMPC-0575,ネクラの中核カード0575,光/闇/自然,5,クリーチャー,4000,エンジェル・コマンド/デーモン・コマンド/ジャイアント,中盤の盤面を支えるクリーチャー。,仮カード;ネクラ;中速;クリーチャー;多色;耐久;コントロール
DMPC-0576,ネクラの防衛カード0576,光/闇/自然,6,呪文,,,S・トリガー。相手の攻撃を止める防御札。,仮カード;ネクラ;S・トリガー;受け札;速攻対策;除去;タップ;マナ送り;多色;耐久;コントロール
DMPC-0577,ネクラの進化カード0577,光/闇/自然,6,進化クリーチャー,9000,エンジェル・コマンド/デーモン・コマンド/ジャイアント,進化。中盤から終盤の勝ち筋になる。,仮カード;ネクラ;進化;フィニッシャー;多色;耐久;コントロール;エンジェル・コマンド
DMPC-0578,ネクラの進化元カード0578,光/闇/自然,3,クリーチャー,2000,エンジェル・コマンド/デーモン・コマンド/ジャイアント,進化元として使いやすい軽量クリーチャー。,仮カード;ネクラ;進化元;低コスト;クリーチャー;多色;耐久;コントロール
DMPC-0579,ネクラの決着カード0579,光/闇/自然,7,クリーチャー,8000,エンジェル・コマンド/デーモン・コマンド/ジャイアント,W・ブレイカーを持つ大型フィニッシャー。,仮カード;ネクラ;フィニッシャー;大型;W・ブレイカー;多色;耐久;コントロール
DMPC-0580,ネクラの連鎖カード0580,光/闇/自然,5,呪文,,,条件を満たすと踏み倒しや特殊な展開につながる。,仮カード;ネクラ;コンボ;踏み倒し;未知性;多色;耐久;コントロール
DMPC-0581,ネクラの初動カード0581,光/闇/自然,2,呪文,,,山札の上から1枚目をマナゾーンに置く。,仮カード;ネクラ;初動;低コスト;マナ加速;多色;耐久;コントロール
DMPC-0582,ネクラの初動カード0582,光/闇/自然,3,クリーチャー,1000,エンジェル・コマンド/デーモン・コマンド/ジャイアント,山札の上から1枚目をマナゾーンに置く。,仮カード;ネクラ;初動;低コスト;マナ加速;多色;耐久;コントロール
DMPC-0583,ネクラの除去カード0583,光/闇/自然,3,呪文,,,相手の小型クリーチャーに干渉する。,仮カード;ネクラ;軽量除去;除去;テンポ;多色;耐久;コントロール
DMPC-0584,ネクラの補給カード0584,光/闇/自然,4,呪文,,,手札や山札を整え、次の展開につなげる。,仮カード;ネクラ;ドロー;リソース;手札補充;多色;耐久;コントロール
DMPC-0585,ネクラの中核カード0585,光/闇/自然,5,クリーチャー,4000,エンジェル・コマンド/デーモン・コマンド/ジャイアント,中盤の盤面を支えるクリーチャー。,仮カード;ネクラ;中速;クリーチャー;多色;耐久;コントロール
DMPC-0586,ネクラの防衛カード0586,光/闇/自然,6,呪文,,,S・トリガー。相手の攻撃を止める防御札。,仮カード;ネクラ;S・トリガー;受け札;速攻対策;除去;タップ;マナ送り;多色;耐久;コントロール
DMPC-0587,ラッカの進化カード0587,光/水/火,6,進化クリーチャー,9000,イニシエート/サイバーロード/ヒューマノイド,進化。中盤から終盤の勝ち筋になる。,仮カード;ラッカ;進化;フィニッシャー;多色;テンポ;イニシエート
DMPC-0588,ラッカの進化元カード0588,光/水/火,3,クリーチャー,2000,イニシエート/サイバーロード/ヒューマノイド,進化元として使いやすい軽量クリーチャー。,仮カード;ラッカ;進化元;低コスト;クリーチャー;多色;テンポ
DMPC-0589,ラッカの決着カード0589,光/水/火,7,クリーチャー,8000,イニシエート/サイバーロード/ヒューマノイド,W・ブレイカーを持つ大型フィニッシャー。,仮カード;ラッカ;フィニッシャー;大型;W・ブレイカー;多色;テンポ
DMPC-0590,ラッカの連鎖カード0590,光/水/火,5,呪文,,,条件を満たすと踏み倒しや特殊な展開につながる。,仮カード;ラッカ;コンボ;踏み倒し;未知性;多色;テンポ
DMPC-0591,ラッカの初動カード0591,光/水/火,2,呪文,,,カードを1枚引く。,仮カード;ラッカ;初動;低コスト;ドロー;リソース;多色;テンポ
DMPC-0592,ラッカの初動カード0592,光/水/火,3,クリーチャー,1000,イニシエート/サイバーロード/ヒューマノイド,カードを1枚引く。,仮カード;ラッカ;初動;低コスト;ドロー;リソース;多色;テンポ
DMPC-0593,ラッカの除去カード0593,光/水/火,3,呪文,,,相手の小型クリーチャーに干渉する。,仮カード;ラッカ;軽量除去;除去;テンポ;多色
DMPC-0594,ラッカの補給カード0594,光/水/火,4,呪文,,,手札や山札を整え、次の展開につなげる。,仮カード;ラッカ;ドロー;リソース;手札補充;多色;テンポ
DMPC-0595,ラッカの中核カード0595,光/水/火,5,クリーチャー,4000,イニシエート/サイバーロード/ヒューマノイド,中盤の盤面を支えるクリーチャー。,仮カード;ラッカ;中速;クリーチャー;多色;テンポ
DMPC-0596,ラッカの防衛カード0596,光/水/火,6,呪文,,,S・トリガー。相手の攻撃を止める防御札。,仮カード;ラッカ;S・トリガー;受け札;速攻対策;バウンス;全体除去;タップ;多色;テンポ
DMPC-0597,ラッカの進化カード0597,光/水/火,6,進化クリーチャー,9000,イニシエート/サイバーロード/ヒューマノイド,進化。中盤から終盤の勝ち筋になる。,仮カード;ラッカ;進化;フィニッシャー;多色;テンポ;イニシエート
DMPC-0598,ラッカの進化元カード0598,光/水/火,3,クリーチャー,2000,イニシエート/サイバーロード/ヒューマノイド,進化元として使いやすい軽量クリーチャー。,仮カード;ラッカ;進化元;低コスト;クリーチャー;多色;テンポ
DMPC-0599,ラッカの決着カード0599,光/水/火,7,クリーチャー,8000,イニシエート/サイバーロード/ヒューマノイド,W・ブレイカーを持つ大型フィニッシャー。,仮カード;ラッカ;フィニッシャー;大型;W・ブレイカー;多色;テンポ
DMPC-0600,ラッカの連鎖カード0600,光/水/火,5,呪文,,,条件を満たすと踏み倒しや特殊な展開につながる。,仮カード;ラッカ;コンボ;踏み倒し;未知性;多色;テンポ
DMPC-0601,ラッカの初動カード0601,光/水/火,2,呪文,,,カードを1枚引く。,仮カード;ラッカ;初動;低コスト;ドロー;リソース;多色;テンポ
DMPC-0602,ラッカの初動カード0602,光/水/火,3,クリーチャー,1000,イニシエート/サイバーロード/ヒューマノイド,カードを1枚引く。,仮カード;ラッカ;初動;低コスト;ドロー;リソース;多色;テンポ
DMPC-0603,ラッカの除去カード0603,光/水/火,3,呪文,,,相手の小型クリーチャーに干渉する。,仮カード;ラッカ;軽量除去;除去;テンポ;多色
DMPC-0604,ラッカの補給カード0604,光/水/火,4,呪文,,,手札や山札を整え、次の展開につなげる。,仮カード;ラッカ;ドロー;リソース;手札補充;多色;テンポ
DMPC-0605,ラッカの中核カード0605,光/水/火,5,クリーチャー,4000,イニシエート/サイバーロード/ヒューマノイド,中盤の盤面を支えるクリーチャー。,仮カード;ラッカ;中速;クリーチャー;多色;テンポ
DMPC-0606,ラッカの防衛カード0606,光/水/火,6,呪文,,,S・トリガー。相手の攻撃を止める防御札。,仮カード;ラッカ;S・トリガー;受け札;速攻対策;バウンス;全体除去;タップ;多色;テンポ
DMPC-0607,ラッカの進化カード0607,光/水/火,6,進化クリーチャー,9000,イニシエート/サイバーロード/ヒューマノイド,進化。中盤から終盤の勝ち筋になる。,仮カード;ラッカ;進化;フィニッシャー;多色;テンポ;イニシエート
DMPC-0608,ラッカの進化元カード0608,光/水/火,3,クリーチャー,2000,イニシエート/サイバーロード/ヒューマノイド,進化元として使いやすい軽量クリーチャー。,仮カード;ラッカ;進化元;低コスト;クリーチャー;多色;テンポ
DMPC-0609,ラッカの決着カード0609,光/水/火,7,クリーチャー,8000,イニシエート/サイバーロード/ヒューマノイド,W・ブレイカーを持つ大型フィニッシャー。,仮カード;ラッカ;フィニッシャー;大型;W・ブレイカー;多色;テンポ
DMPC-0610,ラッカの連鎖カード0610,光/水/火,5,呪文,,,条件を満たすと踏み倒しや特殊な展開につながる。,仮カード;ラッカ;コンボ;踏み倒し;未知性;多色;テンポ
DMPC-0611,ラッカの初動カード0611,光/水/火,2,呪文,,,カードを1枚引く。,仮カード;ラッカ;初動;低コスト;ドロー;リソース;多色;テンポ
DMPC-0612,ラッカの初動カード0612,光/水/火,3,クリーチャー,1000,イニシエート/サイバーロード/ヒューマノイド,カードを1枚引く。,仮カード;ラッカ;初動;低コスト;ドロー;リソース;多色;テンポ
DMPC-0613,ラッカの除去カード0613,光/水/火,3,呪文,,,相手の小型クリーチャーに干渉する。,仮カード;ラッカ;軽量除去;除去;テンポ;多色
DMPC-0614,ラッカの補給カード0614,光/水/火,4,呪文,,,手札や山札を整え、次の展開につなげる。,仮カード;ラッカ;ドロー;リソース;手札補充;多色;テンポ
DMPC-0615,ラッカの中核カード0615,光/水/火,5,クリーチャー,4000,イニシエート/サイバーロード/ヒューマノイド,中盤の盤面を支えるクリーチャー。,仮カード;ラッカ;中速;クリーチャー;多色;テンポ
DMPC-0616,ラッカの防衛カード0616,光/水/火,6,呪文,,,S・トリガー。相手の攻撃を止める防御札。,仮カード;ラッカ;S・トリガー;受け札;速攻対策;バウンス;全体除去;タップ;多色;テンポ
DMPC-0617,ラッカの進化カード0617,光/水/火,6,進化クリーチャー,9000,イニシエート/サイバーロード/ヒューマノイド,進化。中盤から終盤の勝ち筋になる。,仮カード;ラッカ;進化;フィニッシャー;多色;テンポ;イニシエート
DMPC-0618,ラッカの進化元カード0618,光/水/火,3,クリーチャー,2000,イニシエート/サイバーロード/ヒューマノイド,進化元として使いやすい軽量クリーチャー。,仮カード;ラッカ;進化元;低コスト;クリーチャー;多色;テンポ
DMPC-0619,ラッカの決着カード0619,光/水/火,7,クリーチャー,8000,イニシエート/サイバーロード/ヒューマノイド,W・ブレイカーを持つ大型フィニッシャー。,仮カード;ラッカ;フィニッシャー;大型;W・ブレイカー;多色;テンポ
DMPC-0620,ラッカの連鎖カード0620,光/水/火,5,呪文,,,条件を満たすと踏み倒しや特殊な展開につながる。,仮カード;ラッカ;コンボ;踏み倒し;未知性;多色;テンポ
DMPC-0621,デアリの初動カード0621,闇/火/自然,2,呪文,,,山札の上から1枚目をマナゾーンに置く。,仮カード;デアリ;初動;低コスト;マナ加速;多色;ビートダウン
DMPC-0622,デアリの初動カード0622,闇/火/自然,3,クリーチャー,1000,デーモン・コマンド/アーマード・ドラゴン/ビーストフォーク,山札の上から1枚目をマナゾーンに置く。,仮カード;デアリ;初動;低コスト;マナ加速;多色;ビートダウン
DMPC-0623,デアリの除去カード0623,闇/火/自然,3,呪文,,,相手の小型クリーチャーに干渉する。,仮カード;デアリ;軽量除去;除去;テンポ;多色;ビートダウン
DMPC-0624,デアリの補給カード0624,闇/火/自然,4,呪文,,,手札や山札を整え、次の展開につなげる。,仮カード;デアリ;ドロー;リソース;手札補充;多色;ビートダウン
DMPC-0625,デアリの中核カード0625,闇/火/自然,5,クリーチャー,4000,デーモン・コマンド/アーマード・ドラゴン/ビーストフォーク,中盤の盤面を支えるクリーチャー。,仮カード;デアリ;中速;クリーチャー;多色;ビートダウン
DMPC-0626,デアリの防衛カード0626,闇/火/自然,6,呪文,,,S・トリガー。相手の攻撃を止める防御札。,仮カード;デアリ;S・トリガー;受け札;速攻対策;除去;全体除去;マナ送り;多色;ビートダウン
DMPC-0627,デアリの進化カード0627,闇/火/自然,6,進化クリーチャー,9000,デーモン・コマンド/アーマード・ドラゴン/ビーストフォーク,進化。中盤から終盤の勝ち筋になる。,仮カード;デアリ;進化;フィニッシャー;多色;ビートダウン;デーモン・コマンド
DMPC-0628,デアリの進化元カード0628,闇/火/自然,3,クリーチャー,2000,デーモン・コマンド/アーマード・ドラゴン/ビーストフォーク,進化元として使いやすい軽量クリーチャー。,仮カード;デアリ;進化元;低コスト;クリーチャー;多色;ビートダウン
DMPC-0629,デアリの決着カード0629,闇/火/自然,7,クリーチャー,8000,デーモン・コマンド/アーマード・ドラゴン/ビーストフォーク,W・ブレイカーを持つ大型フィニッシャー。,仮カード;デアリ;フィニッシャー;大型;W・ブレイカー;多色;ビートダウン
DMPC-0630,デアリの連鎖カード0630,闇/火/自然,5,呪文,,,条件を満たすと踏み倒しや特殊な展開につながる。,仮カード;デアリ;コンボ;踏み倒し;未知性;多色;ビートダウン
DMPC-0631,デアリの初動カード0631,闇/火/自然,2,呪文,,,山札の上から1枚目をマナゾーンに置く。,仮カード;デアリ;初動;低コスト;マナ加速;多色;ビートダウン
DMPC-0632,デアリの初動カード0632,闇/火/自然,3,クリーチャー,1000,デーモン・コマンド/アーマード・ドラゴン/ビーストフォーク,山札の上から1枚目をマナゾーンに置く。,仮カード;デアリ;初動;低コスト;マナ加速;多色;ビートダウン
DMPC-0633,デアリの除去カード0633,闇/火/自然,3,呪文,,,相手の小型クリーチャーに干渉する。,仮カード;デアリ;軽量除去;除去;テンポ;多色;ビートダウン
DMPC-0634,デアリの補給カード0634,闇/火/自然,4,呪文,,,手札や山札を整え、次の展開につなげる。,仮カード;デアリ;ドロー;リソース;手札補充;多色;ビートダウン
DMPC-0635,デアリの中核カード0635,闇/火/自然,5,クリーチャー,4000,デーモン・コマンド/アーマード・ドラゴン/ビーストフォーク,中盤の盤面を支えるクリーチャー。,仮カード;デアリ;中速;クリーチャー;多色;ビートダウン
DMPC-0636,デアリの防衛カード0636,闇/火/自然,6,呪文,,,S・トリガー。相手の攻撃を止める防御札。,仮カード;デアリ;S・トリガー;受け札;速攻対策;除去;全体除去;マナ送り;多色;ビートダウン
DMPC-0637,デアリの進化カード0637,闇/火/自然,6,進化クリーチャー,9000,デーモン・コマンド/アーマード・ドラゴン/ビーストフォーク,進化。中盤から終盤の勝ち筋になる。,仮カード;デアリ;進化;フィニッシャー;多色;ビートダウン;デーモン・コマンド
DMPC-0638,デアリの進化元カード0638,闇/火/自然,3,クリーチャー,2000,デーモン・コマンド/アーマード・ドラゴン/ビーストフォーク,進化元として使いやすい軽量クリーチャー。,仮カード;デアリ;進化元;低コスト;クリーチャー;多色;ビートダウン
DMPC-0639,デアリの決着カード0639,闇/火/自然,7,クリーチャー,8000,デーモン・コマンド/アーマード・ドラゴン/ビーストフォーク,W・ブレイカーを持つ大型フィニッシャー。,仮カード;デアリ;フィニッシャー;大型;W・ブレイカー;多色;ビートダウン
DMPC-0640,デアリの連鎖カード0640,闇/火/自然,5,呪文,,,条件を満たすと踏み倒しや特殊な展開につながる。,仮カード;デアリ;コンボ;踏み倒し;未知性;多色;ビートダウン
DMPC-0641,デアリの初動カード0641,闇/火/自然,2,呪文,,,山札の上から1枚目をマナゾーンに置く。,仮カード;デアリ;初動;低コスト;マナ加速;多色;ビートダウン
DMPC-0642,デアリの初動カード0642,闇/火/自然,3,クリーチャー,1000,デーモン・コマンド/アーマード・ドラゴン/ビーストフォーク,山札の上から1枚目をマナゾーンに置く。,仮カード;デアリ;初動;低コスト;マナ加速;多色;ビートダウン
DMPC-0643,デアリの除去カード0643,闇/火/自然,3,呪文,,,相手の小型クリーチャーに干渉する。,仮カード;デアリ;軽量除去;除去;テンポ;多色;ビートダウン
DMPC-0644,デアリの補給カード0644,闇/火/自然,4,呪文,,,手札や山札を整え、次の展開につなげる。,仮カード;デアリ;ドロー;リソース;手札補充;多色;ビートダウン
DMPC-0645,デアリの中核カード0645,闇/火/自然,5,クリーチャー,4000,デーモン・コマンド/アーマード・ドラゴン/ビーストフォーク,中盤の盤面を支えるクリーチャー。,仮カード;デアリ;中速;クリーチャー;多色;ビートダウン
DMPC-0646,デアリの防衛カード0646,闇/火/自然,6,呪文,,,S・トリガー。相手の攻撃を止める防御札。,仮カード;デアリ;S・トリガー;受け札;速攻対策;除去;全体除去;マナ送り;多色;ビートダウン
DMPC-0647,デアリの進化カード0647,闇/火/自然,6,進化クリーチャー,9000,デーモン・コマンド/アーマード・ドラゴン/ビーストフォーク,進化。中盤から終盤の勝ち筋になる。,仮カード;デアリ;進化;フィニッシャー;多色;ビートダウン;デーモン・コマンド
DMPC-0648,デアリの進化元カード0648,闇/火/自然,3,クリーチャー,2000,デーモン・コマンド/アーマード・ドラゴン/ビーストフォーク,進化元として使いやすい軽量クリーチャー。,仮カード;デアリ;進化元;低コスト;クリーチャー;多色;ビートダウン
DMPC-0649,デアリの決着カード0649,闇/火/自然,7,クリーチャー,8000,デーモン・コマンド/アーマード・ドラゴン/ビーストフォーク,W・ブレイカーを持つ大型フィニッシャー。,仮カード;デアリ;フィニッシャー;大型;W・ブレイカー;多色;ビートダウン
DMPC-0650,デアリの連鎖カード0650,闇/火/自然,5,呪文,,,条件を満たすと踏み倒しや特殊な展開につながる。,仮カード;デアリ;コンボ;踏み倒し;未知性;多色;ビートダウン
DMPC-0651,進化支援の初動カード0651,自然,2,呪文,,,山札の上から1枚目をマナゾーンに置く。,仮カード;進化支援;初動;低コスト;マナ加速
DMPC-0652,進化支援の初動カード0652,水,3,クリーチャー,1000,リヴァイアサン,カードを1枚引く。,仮カード;進化支援;初動;低コスト;ドロー;リソース
DMPC-0653,進化支援の除去カード0653,闇,3,呪文,,,相手の小型クリーチャーに干渉する。,仮カード;進化支援;軽量除去;除去;テンポ
DMPC-0654,進化支援の補給カード0654,火,4,呪文,,,手札や山札を整え、次の展開につなげる。,仮カード;進化支援;ドロー;リソース;手札補充
DMPC-0655,進化支援の中核カード0655,光,5,クリーチャー,4000,エンジェル・コマンド,中盤の盤面を支えるクリーチャー。,仮カード;進化支援;中速;クリーチャー
DMPC-0656,進化支援の防衛カード0656,自然,6,呪文,,,S・トリガー。相手の攻撃を止める防御札。,仮カード;進化支援;S・トリガー;受け札;速攻対策;マナ送り
DMPC-0657,進化支援の進化カード0657,水,6,進化クリーチャー,9000,リヴァイアサン,進化。中盤から終盤の勝ち筋になる。,仮カード;進化支援;進化;フィニッシャー;リヴァイアサン
DMPC-0658,進化支援の進化元カード0658,闇,3,クリーチャー,2000,ゴースト,進化元として使いやすい軽量クリーチャー。,仮カード;進化支援;進化元;低コスト;クリーチャー
DMPC-0659,進化支援の決着カード0659,火,7,クリーチャー,8000,アウトレイジ,W・ブレイカーを持つ大型フィニッシャー。,仮カード;進化支援;フィニッシャー;大型;W・ブレイカー
DMPC-0660,進化支援の連鎖カード0660,光,5,呪文,,,条件を満たすと踏み倒しや特殊な展開につながる。,仮カード;進化支援;コンボ;踏み倒し;未知性
DMPC-0661,進化支援の初動カード0661,自然,2,呪文,,,山札の上から1枚目をマナゾーンに置く。,仮カード;進化支援;初動;低コスト;マナ加速
DMPC-0662,進化支援の初動カード0662,水,3,クリーチャー,1000,リヴァイアサン,カードを1枚引く。,仮カード;進化支援;初動;低コスト;ドロー;リソース
DMPC-0663,進化支援の除去カード0663,闇,3,呪文,,,相手の小型クリーチャーに干渉する。,仮カード;進化支援;軽量除去;除去;テンポ
DMPC-0664,進化支援の補給カード0664,火,4,呪文,,,手札や山札を整え、次の展開につなげる。,仮カード;進化支援;ドロー;リソース;手札補充
DMPC-0665,進化支援の中核カード0665,光,5,クリーチャー,4000,エンジェル・コマンド,中盤の盤面を支えるクリーチャー。,仮カード;進化支援;中速;クリーチャー
DMPC-0666,進化支援の防衛カード0666,自然,6,呪文,,,S・トリガー。相手の攻撃を止める防御札。,仮カード;進化支援;S・トリガー;受け札;速攻対策;マナ送り
DMPC-0667,進化支援の進化カード0667,水,6,進化クリーチャー,9000,リヴァイアサン,進化。中盤から終盤の勝ち筋になる。,仮カード;進化支援;進化;フィニッシャー;リヴァイアサン
DMPC-0668,進化支援の進化元カード0668,闇,3,クリーチャー,2000,ゴースト,進化元として使いやすい軽量クリーチャー。,仮カード;進化支援;進化元;低コスト;クリーチャー
DMPC-0669,進化支援の決着カード0669,火,7,クリーチャー,8000,アウトレイジ,W・ブレイカーを持つ大型フィニッシャー。,仮カード;進化支援;フィニッシャー;大型;W・ブレイカー
DMPC-0670,進化支援の連鎖カード0670,光,5,呪文,,,条件を満たすと踏み倒しや特殊な展開につながる。,仮カード;進化支援;コンボ;踏み倒し;未知性
DMPC-0671,進化支援の初動カード0671,自然,2,呪文,,,山札の上から1枚目をマナゾーンに置く。,仮カード;進化支援;初動;低コスト;マナ加速
DMPC-0672,進化支援の初動カード0672,水,3,クリーチャー,1000,リヴァイアサン,カードを1枚引く。,仮カード;進化支援;初動;低コスト;ドロー;リソース
DMPC-0673,進化支援の除去カード0673,闇,3,呪文,,,相手の小型クリーチャーに干渉する。,仮カード;進化支援;軽量除去;除去;テンポ
DMPC-0674,進化支援の補給カード0674,火,4,呪文,,,手札や山札を整え、次の展開につなげる。,仮カード;進化支援;ドロー;リソース;手札補充
DMPC-0675,進化支援の中核カード0675,光,5,クリーチャー,4000,エンジェル・コマンド,中盤の盤面を支えるクリーチャー。,仮カード;進化支援;中速;クリーチャー
DMPC-0676,進化支援の防衛カード0676,自然,6,呪文,,,S・トリガー。相手の攻撃を止める防御札。,仮カード;進化支援;S・トリガー;受け札;速攻対策;マナ送り
DMPC-0677,進化支援の進化カード0677,水,6,進化クリーチャー,9000,リヴァイアサン,進化。中盤から終盤の勝ち筋になる。,仮カード;進化支援;進化;フィニッシャー;リヴァイアサン
DMPC-0678,進化支援の進化元カード0678,闇,3,クリーチャー,2000,ゴースト,進化元として使いやすい軽量クリーチャー。,仮カード;進化支援;進化元;低コスト;クリーチャー
DMPC-0679,進化支援の決着カード0679,火,7,クリーチャー,8000,アウトレイジ,W・ブレイカーを持つ大型フィニッシャー。,仮カード;進化支援;フィニッシャー;大型;W・ブレイカー
DMPC-0680,進化支援の連鎖カード0680,光,5,呪文,,,条件を満たすと踏み倒しや特殊な展開につながる。,仮カード;進化支援;コンボ;踏み倒し;未知性
DMPC-0681,進化支援の初動カード0681,自然,2,呪文,,,山札の上から1枚目をマナゾーンに置く。,仮カード;進化支援;初動;低コスト;マナ加速
DMPC-0682,進化支援の初動カード0682,水,3,クリーチャー,1000,リヴァイアサン,カードを1枚引く。,仮カード;進化支援;初動;低コスト;ドロー;リソース
DMPC-0683,進化支援の除去カード0683,闇,3,呪文,,,相手の小型クリーチャーに干渉する。,仮カード;進化支援;軽量除去;除去;テンポ
DMPC-0684,進化支援の補給カード0684,火,4,呪文,,,手札や山札を整え、次の展開につなげる。,仮カード;進化支援;ドロー;リソース;手札補充
DMPC-0685,進化支援の中核カード0685,光,5,クリーチャー,4000,エンジェル・コマンド,中盤の盤面を支えるクリーチャー。,仮カード;進化支援;中速;クリーチャー
DMPC-0686,進化支援の防衛カード0686,自然,6,呪文,,,S・トリガー。相手の攻撃を止める防御札。,仮カード;進化支援;S・トリガー;受け札;速攻対策;マナ送り
DMPC-0687,進化支援の進化カード0687,水,6,進化クリーチャー,9000,リヴァイアサン,進化。中盤から終盤の勝ち筋になる。,仮カード;進化支援;進化;フィニッシャー;リヴァイアサン
DMPC-0688,進化支援の進化元カード0688,闇,3,クリーチャー,2000,ゴースト,進化元として使いやすい軽量クリーチャー。,仮カード;進化支援;進化元;低コスト;クリーチャー
DMPC-0689,進化支援の決着カード0689,火,7,クリーチャー,8000,アウトレイジ,W・ブレイカーを持つ大型フィニッシャー。,仮カード;進化支援;フィニッシャー;大型;W・ブレイカー
DMPC-0690,進化支援の連鎖カード0690,光,5,呪文,,,条件を満たすと踏み倒しや特殊な展開につながる。,仮カード;進化支援;コンボ;踏み倒し;未知性
DMPC-0691,進化支援の初動カード0691,自然,2,呪文,,,山札の上から1枚目をマナゾーンに置く。,仮カード;進化支援;初動;低コスト;マナ加速
DMPC-0692,進化支援の初動カード0692,水,3,クリーチャー,1000,リヴァイアサン,カードを1枚引く。,仮カード;進化支援;初動;低コスト;ドロー;リソース
DMPC-0693,進化支援の除去カード0693,闇,3,呪文,,,相手の小型クリーチャーに干渉する。,仮カード;進化支援;軽量除去;除去;テンポ
DMPC-0694,進化支援の補給カード0694,火,4,呪文,,,手札や山札を整え、次の展開につなげる。,仮カード;進化支援;ドロー;リソース;手札補充
DMPC-0695,進化支援の中核カード0695,光,5,クリーチャー,4000,エンジェル・コマンド,中盤の盤面を支えるクリーチャー。,仮カード;進化支援;中速;クリーチャー
DMPC-0696,進化支援の防衛カード0696,自然,6,呪文,,,S・トリガー。相手の攻撃を止める防御札。,仮カード;進化支援;S・トリガー;受け札;速攻対策;マナ送り
DMPC-0697,進化支援の進化カード0697,水,6,進化クリーチャー,9000,リヴァイアサン,進化。中盤から終盤の勝ち筋になる。,仮カード;進化支援;進化;フィニッシャー;リヴァイアサン
DMPC-0698,進化支援の進化元カード0698,闇,3,クリーチャー,2000,ゴースト,進化元として使いやすい軽量クリーチャー。,仮カード;進化支援;進化元;低コスト;クリーチャー
DMPC-0699,進化支援の決着カード0699,火,7,クリーチャー,8000,アウトレイジ,W・ブレイカーを持つ大型フィニッシャー。,仮カード;進化支援;フィニッシャー;大型;W・ブレイカー
DMPC-0700,進化支援の連鎖カード0700,光,5,呪文,,,条件を満たすと踏み倒しや特殊な展開につながる。,仮カード;進化支援;コンボ;踏み倒し;未知性
DMPC-0701,進化支援の初動カード0701,自然,2,呪文,,,山札の上から1枚目をマナゾーンに置く。,仮カード;進化支援;初動;低コスト;マナ加速
DMPC-0702,進化支援の初動カード0702,水,3,クリーチャー,1000,リヴァイアサン,カードを1枚引く。,仮カード;進化支援;初動;低コスト;ドロー;リソース
DMPC-0703,進化支援の除去カード0703,闇,3,呪文,,,相手の小型クリーチャーに干渉する。,仮カード;進化支援;軽量除去;除去;テンポ
DMPC-0704,進化支援の補給カード0704,火,4,呪文,,,手札や山札を整え、次の展開につなげる。,仮カード;進化支援;ドロー;リソース;手札補充
DMPC-0705,進化支援の中核カード0705,光,5,クリーチャー,4000,エンジェル・コマンド,中盤の盤面を支えるクリーチャー。,仮カード;進化支援;中速;クリーチャー
DMPC-0706,進化支援の防衛カード0706,自然,6,呪文,,,S・トリガー。相手の攻撃を止める防御札。,仮カード;進化支援;S・トリガー;受け札;速攻対策;マナ送り
DMPC-0707,進化支援の進化カード0707,水,6,進化クリーチャー,9000,リヴァイアサン,進化。中盤から終盤の勝ち筋になる。,仮カード;進化支援;進化;フィニッシャー;リヴァイアサン
DMPC-0708,進化支援の進化元カード0708,闇,3,クリーチャー,2000,ゴースト,進化元として使いやすい軽量クリーチャー。,仮カード;進化支援;進化元;低コスト;クリーチャー
DMPC-0709,進化支援の決着カード0709,火,7,クリーチャー,8000,アウトレイジ,W・ブレイカーを持つ大型フィニッシャー。,仮カード;進化支援;フィニッシャー;大型;W・ブレイカー
DMPC-0710,進化支援の連鎖カード0710,光,5,呪文,,,条件を満たすと踏み倒しや特殊な展開につながる。,仮カード;進化支援;コンボ;踏み倒し;未知性
DMPC-0711,進化支援の初動カード0711,自然,2,呪文,,,山札の上から1枚目をマナゾーンに置く。,仮カード;進化支援;初動;低コスト;マナ加速
DMPC-0712,進化支援の初動カード0712,水,3,クリーチャー,1000,リヴァイアサン,カードを1枚引く。,仮カード;進化支援;初動;低コスト;ドロー;リソース
DMPC-0713,進化支援の除去カード0713,闇,3,呪文,,,相手の小型クリーチャーに干渉する。,仮カード;進化支援;軽量除去;除去;テンポ
DMPC-0714,進化支援の補給カード0714,火,4,呪文,,,手札や山札を整え、次の展開につなげる。,仮カード;進化支援;ドロー;リソース;手札補充
DMPC-0715,進化支援の中核カード0715,光,5,クリーチャー,4000,エンジェル・コマンド,中盤の盤面を支えるクリーチャー。,仮カード;進化支援;中速;クリーチャー
DMPC-0716,進化支援の防衛カード0716,自然,6,呪文,,,S・トリガー。相手の攻撃を止める防御札。,仮カード;進化支援;S・トリガー;受け札;速攻対策;マナ送り
DMPC-0717,進化支援の進化カード0717,水,6,進化クリーチャー,9000,リヴァイアサン,進化。中盤から終盤の勝ち筋になる。,仮カード;進化支援;進化;フィニッシャー;リヴァイアサン
DMPC-0718,進化支援の進化元カード0718,闇,3,クリーチャー,2000,ゴースト,進化元として使いやすい軽量クリーチャー。,仮カード;進化支援;進化元;低コスト;クリーチャー
DMPC-0719,進化支援の決着カード0719,火,7,クリーチャー,8000,アウトレイジ,W・ブレイカーを持つ大型フィニッシャー。,仮カード;進化支援;フィニッシャー;大型;W・ブレイカー
DMPC-0720,進化支援の連鎖カード0720,光,5,呪文,,,条件を満たすと踏み倒しや特殊な展開につながる。,仮カード;進化支援;コンボ;踏み倒し;未知性
DMPC-0721,進化支援の初動カード0721,自然,2,呪文,,,山札の上から1枚目をマナゾーンに置く。,仮カード;進化支援;初動;低コスト;マナ加速
DMPC-0722,進化支援の初動カード0722,水,3,クリーチャー,1000,リヴァイアサン,カードを1枚引く。,仮カード;進化支援;初動;低コスト;ドロー;リソース
DMPC-0723,進化支援の除去カード0723,闇,3,呪文,,,相手の小型クリーチャーに干渉する。,仮カード;進化支援;軽量除去;除去;テンポ
DMPC-0724,進化支援の補給カード0724,火,4,呪文,,,手札や山札を整え、次の展開につなげる。,仮カード;進化支援;ドロー;リソース;手札補充
DMPC-0725,進化支援の中核カード0725,光,5,クリーチャー,4000,エンジェル・コマンド,中盤の盤面を支えるクリーチャー。,仮カード;進化支援;中速;クリーチャー
DMPC-0726,進化支援の防衛カード0726,自然,6,呪文,,,S・トリガー。相手の攻撃を止める防御札。,仮カード;進化支援;S・トリガー;受け札;速攻対策;マナ送り
DMPC-0727,進化支援の進化カード0727,水,6,進化クリーチャー,9000,リヴァイアサン,進化。中盤から終盤の勝ち筋になる。,仮カード;進化支援;進化;フィニッシャー;リヴァイアサン
DMPC-0728,進化支援の進化元カード0728,闇,3,クリーチャー,2000,ゴースト,進化元として使いやすい軽量クリーチャー。,仮カード;進化支援;進化元;低コスト;クリーチャー
DMPC-0729,進化支援の決着カード0729,火,7,クリーチャー,8000,アウトレイジ,W・ブレイカーを持つ大型フィニッシャー。,仮カード;進化支援;フィニッシャー;大型;W・ブレイカー
DMPC-0730,進化支援の連鎖カード0730,光,5,呪文,,,条件を満たすと踏み倒しや特殊な展開につながる。,仮カード;進化支援;コンボ;踏み倒し;未知性
DMPC-0731,進化支援の初動カード0731,自然,2,呪文,,,山札の上から1枚目をマナゾーンに置く。,仮カード;進化支援;初動;低コスト;マナ加速
DMPC-0732,進化支援の初動カード0732,水,3,クリーチャー,1000,リヴァイアサン,カードを1枚引く。,仮カード;進化支援;初動;低コスト;ドロー;リソース
DMPC-0733,進化支援の除去カード0733,闇,3,呪文,,,相手の小型クリーチャーに干渉する。,仮カード;進化支援;軽量除去;除去;テンポ
DMPC-0734,進化支援の補給カード0734,火,4,呪文,,,手札や山札を整え、次の展開につなげる。,仮カード;進化支援;ドロー;リソース;手札補充
DMPC-0735,進化支援の中核カード0735,光,5,クリーチャー,4000,エンジェル・コマンド,中盤の盤面を支えるクリーチャー。,仮カード;進化支援;中速;クリーチャー
DMPC-0736,進化支援の防衛カード0736,自然,6,呪文,,,S・トリガー。相手の攻撃を止める防御札。,仮カード;進化支援;S・トリガー;受け札;速攻対策;マナ送り
DMPC-0737,進化支援の進化カード0737,水,6,進化クリーチャー,9000,リヴァイアサン,進化。中盤から終盤の勝ち筋になる。,仮カード;進化支援;進化;フィニッシャー;リヴァイアサン
DMPC-0738,進化支援の進化元カード0738,闇,3,クリーチャー,2000,ゴースト,進化元として使いやすい軽量クリーチャー。,仮カード;進化支援;進化元;低コスト;クリーチャー
DMPC-0739,進化支援の決着カード0739,火,7,クリーチャー,8000,アウトレイジ,W・ブレイカーを持つ大型フィニッシャー。,仮カード;進化支援;フィニッシャー;大型;W・ブレイカー
DMPC-0740,進化支援の連鎖カード0740,光,5,呪文,,,条件を満たすと踏み倒しや特殊な展開につながる。,仮カード;進化支援;コンボ;踏み倒し;未知性
DMPC-0741,進化支援の初動カード0741,自然,2,呪文,,,山札の上から1枚目をマナゾーンに置く。,仮カード;進化支援;初動;低コスト;マナ加速
DMPC-0742,進化支援の初動カード0742,水,3,クリーチャー,1000,リヴァイアサン,カードを1枚引く。,仮カード;進化支援;初動;低コスト;ドロー;リソース
DMPC-0743,進化支援の除去カード0743,闇,3,呪文,,,相手の小型クリーチャーに干渉する。,仮カード;進化支援;軽量除去;除去;テンポ
DMPC-0744,進化支援の補給カード0744,火,4,呪文,,,手札や山札を整え、次の展開につなげる。,仮カード;進化支援;ドロー;リソース;手札補充
DMPC-0745,進化支援の中核カード0745,光,5,クリーチャー,4000,エンジェル・コマンド,中盤の盤面を支えるクリーチャー。,仮カード;進化支援;中速;クリーチャー
DMPC-0746,進化支援の防衛カード0746,自然,6,呪文,,,S・トリガー。相手の攻撃を止める防御札。,仮カード;進化支援;S・トリガー;受け札;速攻対策;マナ送り
DMPC-0747,進化支援の進化カード0747,水,6,進化クリーチャー,9000,リヴァイアサン,進化。中盤から終盤の勝ち筋になる。,仮カード;進化支援;進化;フィニッシャー;リヴァイアサン
DMPC-0748,進化支援の進化元カード0748,闇,3,クリーチャー,2000,ゴースト,進化元として使いやすい軽量クリーチャー。,仮カード;進化支援;進化元;低コスト;クリーチャー
DMPC-0749,進化支援の決着カード0749,火,7,クリーチャー,8000,アウトレイジ,W・ブレイカーを持つ大型フィニッシャー。,仮カード;進化支援;フィニッシャー;大型;W・ブレイカー
DMPC-0750,進化支援の連鎖カード0750,光,5,呪文,,,条件を満たすと踏み倒しや特殊な展開につながる。,仮カード;進化支援;コンボ;踏み倒し;未知性
DMPC-0751,進化支援の初動カード0751,自然,2,呪文,,,山札の上から1枚目をマナゾーンに置く。,仮カード;進化支援;初動;低コスト;マナ加速
DMPC-0752,進化支援の初動カード0752,水,3,クリーチャー,1000,リヴァイアサン,カードを1枚引く。,仮カード;進化支援;初動;低コスト;ドロー;リソース
DMPC-0753,進化支援の除去カード0753,闇,3,呪文,,,相手の小型クリーチャーに干渉する。,仮カード;進化支援;軽量除去;除去;テンポ
DMPC-0754,進化支援の補給カード0754,火,4,呪文,,,手札や山札を整え、次の展開につなげる。,仮カード;進化支援;ドロー;リソース;手札補充
DMPC-0755,進化支援の中核カード0755,光,5,クリーチャー,4000,エンジェル・コマンド,中盤の盤面を支えるクリーチャー。,仮カード;進化支援;中速;クリーチャー
DMPC-0756,進化支援の防衛カード0756,自然,6,呪文,,,S・トリガー。相手の攻撃を止める防御札。,仮カード;進化支援;S・トリガー;受け札;速攻対策;マナ送り
DMPC-0757,進化支援の進化カード0757,水,6,進化クリーチャー,9000,リヴァイアサン,進化。中盤から終盤の勝ち筋になる。,仮カード;進化支援;進化;フィニッシャー;リヴァイアサン
DMPC-0758,進化支援の進化元カード0758,闇,3,クリーチャー,2000,ゴースト,進化元として使いやすい軽量クリーチャー。,仮カード;進化支援;進化元;低コスト;クリーチャー
DMPC-0759,進化支援の決着カード0759,火,7,クリーチャー,8000,アウトレイジ,W・ブレイカーを持つ大型フィニッシャー。,仮カード;進化支援;フィニッシャー;大型;W・ブレイカー
DMPC-0760,進化支援の連鎖カード0760,光,5,呪文,,,条件を満たすと踏み倒しや特殊な展開につながる。,仮カード;進化支援;コンボ;踏み倒し;未知性
DMPC-0761,進化支援の初動カード0761,自然,2,呪文,,,山札の上から1枚目をマナゾーンに置く。,仮カード;進化支援;初動;低コスト;マナ加速
DMPC-0762,進化支援の初動カード0762,水,3,クリーチャー,1000,リヴァイアサン,カードを1枚引く。,仮カード;進化支援;初動;低コスト;ドロー;リソース
DMPC-0763,進化支援の除去カード0763,闇,3,呪文,,,相手の小型クリーチャーに干渉する。,仮カード;進化支援;軽量除去;除去;テンポ
DMPC-0764,進化支援の補給カード0764,火,4,呪文,,,手札や山札を整え、次の展開につなげる。,仮カード;進化支援;ドロー;リソース;手札補充
DMPC-0765,進化支援の中核カード0765,光,5,クリーチャー,4000,エンジェル・コマンド,中盤の盤面を支えるクリーチャー。,仮カード;進化支援;中速;クリーチャー
DMPC-0766,進化支援の防衛カード0766,自然,6,呪文,,,S・トリガー。相手の攻撃を止める防御札。,仮カード;進化支援;S・トリガー;受け札;速攻対策;マナ送り
DMPC-0767,進化支援の進化カード0767,水,6,進化クリーチャー,9000,リヴァイアサン,進化。中盤から終盤の勝ち筋になる。,仮カード;進化支援;進化;フィニッシャー;リヴァイアサン
DMPC-0768,進化支援の進化元カード0768,闇,3,クリーチャー,2000,ゴースト,進化元として使いやすい軽量クリーチャー。,仮カード;進化支援;進化元;低コスト;クリーチャー
DMPC-0769,進化支援の決着カード0769,火,7,クリーチャー,8000,アウトレイジ,W・ブレイカーを持つ大型フィニッシャー。,仮カード;進化支援;フィニッシャー;大型;W・ブレイカー
DMPC-0770,進化支援の連鎖カード0770,光,5,呪文,,,条件を満たすと踏み倒しや特殊な展開につながる。,仮カード;進化支援;コンボ;踏み倒し;未知性
DMPC-0771,進化支援の初動カード0771,自然,2,呪文,,,山札の上から1枚目をマナゾーンに置く。,仮カード;進化支援;初動;低コスト;マナ加速
DMPC-0772,進化支援の初動カード0772,水,3,クリーチャー,1000,リヴァイアサン,カードを1枚引く。,仮カード;進化支援;初動;低コスト;ドロー;リソース
DMPC-0773,進化支援の除去カード0773,闇,3,呪文,,,相手の小型クリーチャーに干渉する。,仮カード;進化支援;軽量除去;除去;テンポ
DMPC-0774,進化支援の補給カード0774,火,4,呪文,,,手札や山札を整え、次の展開につなげる。,仮カード;進化支援;ドロー;リソース;手札補充
DMPC-0775,進化支援の中核カード0775,光,5,クリーチャー,4000,エンジェル・コマンド,中盤の盤面を支えるクリーチャー。,仮カード;進化支援;中速;クリーチャー
DMPC-0776,進化支援の防衛カード0776,自然,6,呪文,,,S・トリガー。相手の攻撃を止める防御札。,仮カード;進化支援;S・トリガー;受け札;速攻対策;マナ送り
DMPC-0777,進化支援の進化カード0777,水,6,進化クリーチャー,9000,リヴァイアサン,進化。中盤から終盤の勝ち筋になる。,仮カード;進化支援;進化;フィニッシャー;リヴァイアサン
DMPC-0778,進化支援の進化元カード0778,闇,3,クリーチャー,2000,ゴースト,進化元として使いやすい軽量クリーチャー。,仮カード;進化支援;進化元;低コスト;クリーチャー
DMPC-0779,進化支援の決着カード0779,火,7,クリーチャー,8000,アウトレイジ,W・ブレイカーを持つ大型フィニッシャー。,仮カード;進化支援;フィニッシャー;大型;W・ブレイカー
DMPC-0780,進化支援の連鎖カード0780,光,5,呪文,,,条件を満たすと踏み倒しや特殊な展開につながる。,仮カード;進化支援;コンボ;踏み倒し;未知性
DMPC-0781,進化支援の初動カード0781,自然,2,呪文,,,山札の上から1枚目をマナゾーンに置く。,仮カード;進化支援;初動;低コスト;マナ加速
DMPC-0782,進化支援の初動カード0782,水,3,クリーチャー,1000,リヴァイアサン,カードを1枚引く。,仮カード;進化支援;初動;低コスト;ドロー;リソース
DMPC-0783,進化支援の除去カード0783,闇,3,呪文,,,相手の小型クリーチャーに干渉する。,仮カード;進化支援;軽量除去;除去;テンポ
DMPC-0784,進化支援の補給カード0784,火,4,呪文,,,手札や山札を整え、次の展開につなげる。,仮カード;進化支援;ドロー;リソース;手札補充
DMPC-0785,進化支援の中核カード0785,光,5,クリーチャー,4000,エンジェル・コマンド,中盤の盤面を支えるクリーチャー。,仮カード;進化支援;中速;クリーチャー
DMPC-0786,進化支援の防衛カード0786,自然,6,呪文,,,S・トリガー。相手の攻撃を止める防御札。,仮カード;進化支援;S・トリガー;受け札;速攻対策;マナ送り
DMPC-0787,進化支援の進化カード0787,水,6,進化クリーチャー,9000,リヴァイアサン,進化。中盤から終盤の勝ち筋になる。,仮カード;進化支援;進化;フィニッシャー;リヴァイアサン
DMPC-0788,進化支援の進化元カード0788,闇,3,クリーチャー,2000,ゴースト,進化元として使いやすい軽量クリーチャー。,仮カード;進化支援;進化元;低コスト;クリーチャー
DMPC-0789,進化支援の決着カード0789,火,7,クリーチャー,8000,アウトレイジ,W・ブレイカーを持つ大型フィニッシャー。,仮カード;進化支援;フィニッシャー;大型;W・ブレイカー
DMPC-0790,進化支援の連鎖カード0790,光,5,呪文,,,条件を満たすと踏み倒しや特殊な展開につながる。,仮カード;進化支援;コンボ;踏み倒し;未知性
DMPC-0791,進化支援の初動カード0791,自然,2,呪文,,,山札の上から1枚目をマナゾーンに置く。,仮カード;進化支援;初動;低コスト;マナ加速
DMPC-0792,進化支援の初動カード0792,水,3,クリーチャー,1000,リヴァイアサン,カードを1枚引く。,仮カード;進化支援;初動;低コスト;ドロー;リソース
DMPC-0793,進化支援の除去カード0793,闇,3,呪文,,,相手の小型クリーチャーに干渉する。,仮カード;進化支援;軽量除去;除去;テンポ
DMPC-0794,進化支援の補給カード0794,火,4,呪文,,,手札や山札を整え、次の展開につなげる。,仮カード;進化支援;ドロー;リソース;手札補充
DMPC-0795,進化支援の中核カード0795,光,5,クリーチャー,4000,エンジェル・コマンド,中盤の盤面を支えるクリーチャー。,仮カード;進化支援;中速;クリーチャー
DMPC-0796,進化支援の防衛カード0796,自然,6,呪文,,,S・トリガー。相手の攻撃を止める防御札。,仮カード;進化支援;S・トリガー;受け札;速攻対策;マナ送り
DMPC-0797,進化支援の進化カード0797,水,6,進化クリーチャー,9000,リヴァイアサン,進化。中盤から終盤の勝ち筋になる。,仮カード;進化支援;進化;フィニッシャー;リヴァイアサン
DMPC-0798,進化支援の進化元カード0798,闇,3,クリーチャー,2000,ゴースト,進化元として使いやすい軽量クリーチャー。,仮カード;進化支援;進化元;低コスト;クリーチャー
DMPC-0799,進化支援の決着カード0799,火,7,クリーチャー,8000,アウトレイジ,W・ブレイカーを持つ大型フィニッシャー。,仮カード;進化支援;フィニッシャー;大型;W・ブレイカー
DMPC-0800,進化支援の連鎖カード0800,光,5,呪文,,,条件を満たすと踏み倒しや特殊な展開につながる。,仮カード;進化支援;コンボ;踏み倒し;未知性
DMPC-0801,受け札補強の初動カード0801,自然,2,呪文,,,山札の上から1枚目をマナゾーンに置く。,仮カード;受け札補強;初動;低コスト;マナ加速
DMPC-0802,受け札補強の初動カード0802,水,3,クリーチャー,1000,リヴァイアサン,カードを1枚引く。,仮カード;受け札補強;初動;低コスト;ドロー;リソース
DMPC-0803,受け札補強の除去カード0803,闇,3,呪文,,,相手の小型クリーチャーに干渉する。,仮カード;受け札補強;軽量除去;除去;テンポ
DMPC-0804,受け札補強の補給カード0804,火,4,呪文,,,手札や山札を整え、次の展開につなげる。,仮カード;受け札補強;ドロー;リソース;手札補充
DMPC-0805,受け札補強の中核カード0805,光,5,クリーチャー,4000,エンジェル・コマンド,中盤の盤面を支えるクリーチャー。,仮カード;受け札補強;中速;クリーチャー
DMPC-0806,受け札補強の防衛カード0806,自然,6,呪文,,,S・トリガー。相手の攻撃を止める防御札。,仮カード;受け札補強;S・トリガー;受け札;速攻対策;マナ送り
DMPC-0807,受け札補強の進化カード0807,水,6,進化クリーチャー,9000,リヴァイアサン,進化。中盤から終盤の勝ち筋になる。,仮カード;受け札補強;進化;フィニッシャー;リヴァイアサン
DMPC-0808,受け札補強の進化元カード0808,闇,3,クリーチャー,2000,ゴースト,進化元として使いやすい軽量クリーチャー。,仮カード;受け札補強;進化元;低コスト;クリーチャー
DMPC-0809,受け札補強の決着カード0809,火,7,クリーチャー,8000,アウトレイジ,W・ブレイカーを持つ大型フィニッシャー。,仮カード;受け札補強;フィニッシャー;大型;W・ブレイカー
DMPC-0810,受け札補強の連鎖カード0810,光,5,呪文,,,条件を満たすと踏み倒しや特殊な展開につながる。,仮カード;受け札補強;コンボ;踏み倒し;未知性
DMPC-0811,受け札補強の初動カード0811,自然,2,呪文,,,山札の上から1枚目をマナゾーンに置く。,仮カード;受け札補強;初動;低コスト;マナ加速
DMPC-0812,受け札補強の初動カード0812,水,3,クリーチャー,1000,リヴァイアサン,カードを1枚引く。,仮カード;受け札補強;初動;低コスト;ドロー;リソース
DMPC-0813,受け札補強の除去カード0813,闇,3,呪文,,,相手の小型クリーチャーに干渉する。,仮カード;受け札補強;軽量除去;除去;テンポ
DMPC-0814,受け札補強の補給カード0814,火,4,呪文,,,手札や山札を整え、次の展開につなげる。,仮カード;受け札補強;ドロー;リソース;手札補充
DMPC-0815,受け札補強の中核カード0815,光,5,クリーチャー,4000,エンジェル・コマンド,中盤の盤面を支えるクリーチャー。,仮カード;受け札補強;中速;クリーチャー
DMPC-0816,受け札補強の防衛カード0816,自然,6,呪文,,,S・トリガー。相手の攻撃を止める防御札。,仮カード;受け札補強;S・トリガー;受け札;速攻対策;マナ送り
DMPC-0817,受け札補強の進化カード0817,水,6,進化クリーチャー,9000,リヴァイアサン,進化。中盤から終盤の勝ち筋になる。,仮カード;受け札補強;進化;フィニッシャー;リヴァイアサン
DMPC-0818,受け札補強の進化元カード0818,闇,3,クリーチャー,2000,ゴースト,進化元として使いやすい軽量クリーチャー。,仮カード;受け札補強;進化元;低コスト;クリーチャー
DMPC-0819,受け札補強の決着カード0819,火,7,クリーチャー,8000,アウトレイジ,W・ブレイカーを持つ大型フィニッシャー。,仮カード;受け札補強;フィニッシャー;大型;W・ブレイカー
DMPC-0820,受け札補強の連鎖カード0820,光,5,呪文,,,条件を満たすと踏み倒しや特殊な展開につながる。,仮カード;受け札補強;コンボ;踏み倒し;未知性
DMPC-0821,受け札補強の初動カード0821,自然,2,呪文,,,山札の上から1枚目をマナゾーンに置く。,仮カード;受け札補強;初動;低コスト;マナ加速
DMPC-0822,受け札補強の初動カード0822,水,3,クリーチャー,1000,リヴァイアサン,カードを1枚引く。,仮カード;受け札補強;初動;低コスト;ドロー;リソース
DMPC-0823,受け札補強の除去カード0823,闇,3,呪文,,,相手の小型クリーチャーに干渉する。,仮カード;受け札補強;軽量除去;除去;テンポ
DMPC-0824,受け札補強の補給カード0824,火,4,呪文,,,手札や山札を整え、次の展開につなげる。,仮カード;受け札補強;ドロー;リソース;手札補充
DMPC-0825,受け札補強の中核カード0825,光,5,クリーチャー,4000,エンジェル・コマンド,中盤の盤面を支えるクリーチャー。,仮カード;受け札補強;中速;クリーチャー
DMPC-0826,受け札補強の防衛カード0826,自然,6,呪文,,,S・トリガー。相手の攻撃を止める防御札。,仮カード;受け札補強;S・トリガー;受け札;速攻対策;マナ送り
DMPC-0827,受け札補強の進化カード0827,水,6,進化クリーチャー,9000,リヴァイアサン,進化。中盤から終盤の勝ち筋になる。,仮カード;受け札補強;進化;フィニッシャー;リヴァイアサン
DMPC-0828,受け札補強の進化元カード0828,闇,3,クリーチャー,2000,ゴースト,進化元として使いやすい軽量クリーチャー。,仮カード;受け札補強;進化元;低コスト;クリーチャー
DMPC-0829,受け札補強の決着カード0829,火,7,クリーチャー,8000,アウトレイジ,W・ブレイカーを持つ大型フィニッシャー。,仮カード;受け札補強;フィニッシャー;大型;W・ブレイカー
DMPC-0830,受け札補強の連鎖カード0830,光,5,呪文,,,条件を満たすと踏み倒しや特殊な展開につながる。,仮カード;受け札補強;コンボ;踏み倒し;未知性
DMPC-0831,受け札補強の初動カード0831,自然,2,呪文,,,山札の上から1枚目をマナゾーンに置く。,仮カード;受け札補強;初動;低コスト;マナ加速
DMPC-0832,受け札補強の初動カード0832,水,3,クリーチャー,1000,リヴァイアサン,カードを1枚引く。,仮カード;受け札補強;初動;低コスト;ドロー;リソース
DMPC-0833,受け札補強の除去カード0833,闇,3,呪文,,,相手の小型クリーチャーに干渉する。,仮カード;受け札補強;軽量除去;除去;テンポ
DMPC-0834,受け札補強の補給カード0834,火,4,呪文,,,手札や山札を整え、次の展開につなげる。,仮カード;受け札補強;ドロー;リソース;手札補充
DMPC-0835,受け札補強の中核カード0835,光,5,クリーチャー,4000,エンジェル・コマンド,中盤の盤面を支えるクリーチャー。,仮カード;受け札補強;中速;クリーチャー
DMPC-0836,受け札補強の防衛カード0836,自然,6,呪文,,,S・トリガー。相手の攻撃を止める防御札。,仮カード;受け札補強;S・トリガー;受け札;速攻対策;マナ送り
DMPC-0837,受け札補強の進化カード0837,水,6,進化クリーチャー,9000,リヴァイアサン,進化。中盤から終盤の勝ち筋になる。,仮カード;受け札補強;進化;フィニッシャー;リヴァイアサン
DMPC-0838,受け札補強の進化元カード0838,闇,3,クリーチャー,2000,ゴースト,進化元として使いやすい軽量クリーチャー。,仮カード;受け札補強;進化元;低コスト;クリーチャー
DMPC-0839,受け札補強の決着カード0839,火,7,クリーチャー,8000,アウトレイジ,W・ブレイカーを持つ大型フィニッシャー。,仮カード;受け札補強;フィニッシャー;大型;W・ブレイカー
DMPC-0840,受け札補強の連鎖カード0840,光,5,呪文,,,条件を満たすと踏み倒しや特殊な展開につながる。,仮カード;受け札補強;コンボ;踏み倒し;未知性
DMPC-0841,受け札補強の初動カード0841,自然,2,呪文,,,山札の上から1枚目をマナゾーンに置く。,仮カード;受け札補強;初動;低コスト;マナ加速
DMPC-0842,受け札補強の初動カード0842,水,3,クリーチャー,1000,リヴァイアサン,カードを1枚引く。,仮カード;受け札補強;初動;低コスト;ドロー;リソース
DMPC-0843,受け札補強の除去カード0843,闇,3,呪文,,,相手の小型クリーチャーに干渉する。,仮カード;受け札補強;軽量除去;除去;テンポ
DMPC-0844,受け札補強の補給カード0844,火,4,呪文,,,手札や山札を整え、次の展開につなげる。,仮カード;受け札補強;ドロー;リソース;手札補充
DMPC-0845,受け札補強の中核カード0845,光,5,クリーチャー,4000,エンジェル・コマンド,中盤の盤面を支えるクリーチャー。,仮カード;受け札補強;中速;クリーチャー
DMPC-0846,受け札補強の防衛カード0846,自然,6,呪文,,,S・トリガー。相手の攻撃を止める防御札。,仮カード;受け札補強;S・トリガー;受け札;速攻対策;マナ送り
DMPC-0847,受け札補強の進化カード0847,水,6,進化クリーチャー,9000,リヴァイアサン,進化。中盤から終盤の勝ち筋になる。,仮カード;受け札補強;進化;フィニッシャー;リヴァイアサン
DMPC-0848,受け札補強の進化元カード0848,闇,3,クリーチャー,2000,ゴースト,進化元として使いやすい軽量クリーチャー。,仮カード;受け札補強;進化元;低コスト;クリーチャー
DMPC-0849,受け札補強の決着カード0849,火,7,クリーチャー,8000,アウトレイジ,W・ブレイカーを持つ大型フィニッシャー。,仮カード;受け札補強;フィニッシャー;大型;W・ブレイカー
DMPC-0850,受け札補強の連鎖カード0850,光,5,呪文,,,条件を満たすと踏み倒しや特殊な展開につながる。,仮カード;受け札補強;コンボ;踏み倒し;未知性
DMPC-0851,受け札補強の初動カード0851,自然,2,呪文,,,山札の上から1枚目をマナゾーンに置く。,仮カード;受け札補強;初動;低コスト;マナ加速
DMPC-0852,受け札補強の初動カード0852,水,3,クリーチャー,1000,リヴァイアサン,カードを1枚引く。,仮カード;受け札補強;初動;低コスト;ドロー;リソース
DMPC-0853,受け札補強の除去カード0853,闇,3,呪文,,,相手の小型クリーチャーに干渉する。,仮カード;受け札補強;軽量除去;除去;テンポ
DMPC-0854,受け札補強の補給カード0854,火,4,呪文,,,手札や山札を整え、次の展開につなげる。,仮カード;受け札補強;ドロー;リソース;手札補充
DMPC-0855,受け札補強の中核カード0855,光,5,クリーチャー,4000,エンジェル・コマンド,中盤の盤面を支えるクリーチャー。,仮カード;受け札補強;中速;クリーチャー
DMPC-0856,受け札補強の防衛カード0856,自然,6,呪文,,,S・トリガー。相手の攻撃を止める防御札。,仮カード;受け札補強;S・トリガー;受け札;速攻対策;マナ送り
DMPC-0857,受け札補強の進化カード0857,水,6,進化クリーチャー,9000,リヴァイアサン,進化。中盤から終盤の勝ち筋になる。,仮カード;受け札補強;進化;フィニッシャー;リヴァイアサン
DMPC-0858,受け札補強の進化元カード0858,闇,3,クリーチャー,2000,ゴースト,進化元として使いやすい軽量クリーチャー。,仮カード;受け札補強;進化元;低コスト;クリーチャー
DMPC-0859,受け札補強の決着カード0859,火,7,クリーチャー,8000,アウトレイジ,W・ブレイカーを持つ大型フィニッシャー。,仮カード;受け札補強;フィニッシャー;大型;W・ブレイカー
DMPC-0860,受け札補強の連鎖カード0860,光,5,呪文,,,条件を満たすと踏み倒しや特殊な展開につながる。,仮カード;受け札補強;コンボ;踏み倒し;未知性
DMPC-0861,受け札補強の初動カード0861,自然,2,呪文,,,山札の上から1枚目をマナゾーンに置く。,仮カード;受け札補強;初動;低コスト;マナ加速
DMPC-0862,受け札補強の初動カード0862,水,3,クリーチャー,1000,リヴァイアサン,カードを1枚引く。,仮カード;受け札補強;初動;低コスト;ドロー;リソース
DMPC-0863,受け札補強の除去カード0863,闇,3,呪文,,,相手の小型クリーチャーに干渉する。,仮カード;受け札補強;軽量除去;除去;テンポ
DMPC-0864,受け札補強の補給カード0864,火,4,呪文,,,手札や山札を整え、次の展開につなげる。,仮カード;受け札補強;ドロー;リソース;手札補充
DMPC-0865,受け札補強の中核カード0865,光,5,クリーチャー,4000,エンジェル・コマンド,中盤の盤面を支えるクリーチャー。,仮カード;受け札補強;中速;クリーチャー
DMPC-0866,受け札補強の防衛カード0866,自然,6,呪文,,,S・トリガー。相手の攻撃を止める防御札。,仮カード;受け札補強;S・トリガー;受け札;速攻対策;マナ送り
DMPC-0867,受け札補強の進化カード0867,水,6,進化クリーチャー,9000,リヴァイアサン,進化。中盤から終盤の勝ち筋になる。,仮カード;受け札補強;進化;フィニッシャー;リヴァイアサン
DMPC-0868,受け札補強の進化元カード0868,闇,3,クリーチャー,2000,ゴースト,進化元として使いやすい軽量クリーチャー。,仮カード;受け札補強;進化元;低コスト;クリーチャー
DMPC-0869,受け札補強の決着カード0869,火,7,クリーチャー,8000,アウトレイジ,W・ブレイカーを持つ大型フィニッシャー。,仮カード;受け札補強;フィニッシャー;大型;W・ブレイカー
DMPC-0870,受け札補強の連鎖カード0870,光,5,呪文,,,条件を満たすと踏み倒しや特殊な展開につながる。,仮カード;受け札補強;コンボ;踏み倒し;未知性
DMPC-0871,受け札補強の初動カード0871,自然,2,呪文,,,山札の上から1枚目をマナゾーンに置く。,仮カード;受け札補強;初動;低コスト;マナ加速
DMPC-0872,受け札補強の初動カード0872,水,3,クリーチャー,1000,リヴァイアサン,カードを1枚引く。,仮カード;受け札補強;初動;低コスト;ドロー;リソース
DMPC-0873,受け札補強の除去カード0873,闇,3,呪文,,,相手の小型クリーチャーに干渉する。,仮カード;受け札補強;軽量除去;除去;テンポ
DMPC-0874,受け札補強の補給カード0874,火,4,呪文,,,手札や山札を整え、次の展開につなげる。,仮カード;受け札補強;ドロー;リソース;手札補充
DMPC-0875,受け札補強の中核カード0875,光,5,クリーチャー,4000,エンジェル・コマンド,中盤の盤面を支えるクリーチャー。,仮カード;受け札補強;中速;クリーチャー
DMPC-0876,受け札補強の防衛カード0876,自然,6,呪文,,,S・トリガー。相手の攻撃を止める防御札。,仮カード;受け札補強;S・トリガー;受け札;速攻対策;マナ送り
DMPC-0877,受け札補強の進化カード0877,水,6,進化クリーチャー,9000,リヴァイアサン,進化。中盤から終盤の勝ち筋になる。,仮カード;受け札補強;進化;フィニッシャー;リヴァイアサン
DMPC-0878,受け札補強の進化元カード0878,闇,3,クリーチャー,2000,ゴースト,進化元として使いやすい軽量クリーチャー。,仮カード;受け札補強;進化元;低コスト;クリーチャー
DMPC-0879,受け札補強の決着カード0879,火,7,クリーチャー,8000,アウトレイジ,W・ブレイカーを持つ大型フィニッシャー。,仮カード;受け札補強;フィニッシャー;大型;W・ブレイカー
DMPC-0880,受け札補強の連鎖カード0880,光,5,呪文,,,条件を満たすと踏み倒しや特殊な展開につながる。,仮カード;受け札補強;コンボ;踏み倒し;未知性
DMPC-0881,受け札補強の初動カード0881,自然,2,呪文,,,山札の上から1枚目をマナゾーンに置く。,仮カード;受け札補強;初動;低コスト;マナ加速
DMPC-0882,受け札補強の初動カード0882,水,3,クリーチャー,1000,リヴァイアサン,カードを1枚引く。,仮カード;受け札補強;初動;低コスト;ドロー;リソース
DMPC-0883,受け札補強の除去カード0883,闇,3,呪文,,,相手の小型クリーチャーに干渉する。,仮カード;受け札補強;軽量除去;除去;テンポ
DMPC-0884,受け札補強の補給カード0884,火,4,呪文,,,手札や山札を整え、次の展開につなげる。,仮カード;受け札補強;ドロー;リソース;手札補充
DMPC-0885,受け札補強の中核カード0885,光,5,クリーチャー,4000,エンジェル・コマンド,中盤の盤面を支えるクリーチャー。,仮カード;受け札補強;中速;クリーチャー
DMPC-0886,受け札補強の防衛カード0886,自然,6,呪文,,,S・トリガー。相手の攻撃を止める防御札。,仮カード;受け札補強;S・トリガー;受け札;速攻対策;マナ送り
DMPC-0887,受け札補強の進化カード0887,水,6,進化クリーチャー,9000,リヴァイアサン,進化。中盤から終盤の勝ち筋になる。,仮カード;受け札補強;進化;フィニッシャー;リヴァイアサン
DMPC-0888,受け札補強の進化元カード0888,闇,3,クリーチャー,2000,ゴースト,進化元として使いやすい軽量クリーチャー。,仮カード;受け札補強;進化元;低コスト;クリーチャー
DMPC-0889,受け札補強の決着カード0889,火,7,クリーチャー,8000,アウトレイジ,W・ブレイカーを持つ大型フィニッシャー。,仮カード;受け札補強;フィニッシャー;大型;W・ブレイカー
DMPC-0890,受け札補強の連鎖カード0890,光,5,呪文,,,条件を満たすと踏み倒しや特殊な展開につながる。,仮カード;受け札補強;コンボ;踏み倒し;未知性
DMPC-0891,受け札補強の初動カード0891,自然,2,呪文,,,山札の上から1枚目をマナゾーンに置く。,仮カード;受け札補強;初動;低コスト;マナ加速
DMPC-0892,受け札補強の初動カード0892,水,3,クリーチャー,1000,リヴァイアサン,カードを1枚引く。,仮カード;受け札補強;初動;低コスト;ドロー;リソース
DMPC-0893,受け札補強の除去カード0893,闇,3,呪文,,,相手の小型クリーチャーに干渉する。,仮カード;受け札補強;軽量除去;除去;テンポ
DMPC-0894,受け札補強の補給カード0894,火,4,呪文,,,手札や山札を整え、次の展開につなげる。,仮カード;受け札補強;ドロー;リソース;手札補充
DMPC-0895,受け札補強の中核カード0895,光,5,クリーチャー,4000,エンジェル・コマンド,中盤の盤面を支えるクリーチャー。,仮カード;受け札補強;中速;クリーチャー
DMPC-0896,受け札補強の防衛カード0896,自然,6,呪文,,,S・トリガー。相手の攻撃を止める防御札。,仮カード;受け札補強;S・トリガー;受け札;速攻対策;マナ送り
DMPC-0897,受け札補強の進化カード0897,水,6,進化クリーチャー,9000,リヴァイアサン,進化。中盤から終盤の勝ち筋になる。,仮カード;受け札補強;進化;フィニッシャー;リヴァイアサン
DMPC-0898,受け札補強の進化元カード0898,闇,3,クリーチャー,2000,ゴースト,進化元として使いやすい軽量クリーチャー。,仮カード;受け札補強;進化元;低コスト;クリーチャー
DMPC-0899,受け札補強の決着カード0899,火,7,クリーチャー,8000,アウトレイジ,W・ブレイカーを持つ大型フィニッシャー。,仮カード;受け札補強;フィニッシャー;大型;W・ブレイカー
DMPC-0900,受け札補強の連鎖カード0900,光,5,呪文,,,条件を満たすと踏み倒しや特殊な展開につながる。,仮カード;受け札補強;コンボ;踏み倒し;未知性
DMPC-0901,受け札補強の初動カード0901,自然,2,呪文,,,山札の上から1枚目をマナゾーンに置く。,仮カード;受け札補強;初動;低コスト;マナ加速
DMPC-0902,受け札補強の初動カード0902,水,3,クリーチャー,1000,リヴァイアサン,カードを1枚引く。,仮カード;受け札補強;初動;低コスト;ドロー;リソース
DMPC-0903,受け札補強の除去カード0903,闇,3,呪文,,,相手の小型クリーチャーに干渉する。,仮カード;受け札補強;軽量除去;除去;テンポ
DMPC-0904,受け札補強の補給カード0904,火,4,呪文,,,手札や山札を整え、次の展開につなげる。,仮カード;受け札補強;ドロー;リソース;手札補充
DMPC-0905,受け札補強の中核カード0905,光,5,クリーチャー,4000,エンジェル・コマンド,中盤の盤面を支えるクリーチャー。,仮カード;受け札補強;中速;クリーチャー
DMPC-0906,受け札補強の防衛カード0906,自然,6,呪文,,,S・トリガー。相手の攻撃を止める防御札。,仮カード;受け札補強;S・トリガー;受け札;速攻対策;マナ送り
DMPC-0907,受け札補強の進化カード0907,水,6,進化クリーチャー,9000,リヴァイアサン,進化。中盤から終盤の勝ち筋になる。,仮カード;受け札補強;進化;フィニッシャー;リヴァイアサン
DMPC-0908,受け札補強の進化元カード0908,闇,3,クリーチャー,2000,ゴースト,進化元として使いやすい軽量クリーチャー。,仮カード;受け札補強;進化元;低コスト;クリーチャー
DMPC-0909,受け札補強の決着カード0909,火,7,クリーチャー,8000,アウトレイジ,W・ブレイカーを持つ大型フィニッシャー。,仮カード;受け札補強;フィニッシャー;大型;W・ブレイカー
DMPC-0910,受け札補強の連鎖カード0910,光,5,呪文,,,条件を満たすと踏み倒しや特殊な展開につながる。,仮カード;受け札補強;コンボ;踏み倒し;未知性
DMPC-0911,受け札補強の初動カード0911,自然,2,呪文,,,山札の上から1枚目をマナゾーンに置く。,仮カード;受け札補強;初動;低コスト;マナ加速
DMPC-0912,受け札補強の初動カード0912,水,3,クリーチャー,1000,リヴァイアサン,カードを1枚引く。,仮カード;受け札補強;初動;低コスト;ドロー;リソース
DMPC-0913,受け札補強の除去カード0913,闇,3,呪文,,,相手の小型クリーチャーに干渉する。,仮カード;受け札補強;軽量除去;除去;テンポ
DMPC-0914,受け札補強の補給カード0914,火,4,呪文,,,手札や山札を整え、次の展開につなげる。,仮カード;受け札補強;ドロー;リソース;手札補充
DMPC-0915,受け札補強の中核カード0915,光,5,クリーチャー,4000,エンジェル・コマンド,中盤の盤面を支えるクリーチャー。,仮カード;受け札補強;中速;クリーチャー
DMPC-0916,受け札補強の防衛カード0916,自然,6,呪文,,,S・トリガー。相手の攻撃を止める防御札。,仮カード;受け札補強;S・トリガー;受け札;速攻対策;マナ送り
DMPC-0917,受け札補強の進化カード0917,水,6,進化クリーチャー,9000,リヴァイアサン,進化。中盤から終盤の勝ち筋になる。,仮カード;受け札補強;進化;フィニッシャー;リヴァイアサン
DMPC-0918,受け札補強の進化元カード0918,闇,3,クリーチャー,2000,ゴースト,進化元として使いやすい軽量クリーチャー。,仮カード;受け札補強;進化元;低コスト;クリーチャー
DMPC-0919,受け札補強の決着カード0919,火,7,クリーチャー,8000,アウトレイジ,W・ブレイカーを持つ大型フィニッシャー。,仮カード;受け札補強;フィニッシャー;大型;W・ブレイカー
DMPC-0920,受け札補強の連鎖カード0920,光,5,呪文,,,条件を満たすと踏み倒しや特殊な展開につながる。,仮カード;受け札補強;コンボ;踏み倒し;未知性
DMPC-0921,受け札補強の初動カード0921,自然,2,呪文,,,山札の上から1枚目をマナゾーンに置く。,仮カード;受け札補強;初動;低コスト;マナ加速
DMPC-0922,受け札補強の初動カード0922,水,3,クリーチャー,1000,リヴァイアサン,カードを1枚引く。,仮カード;受け札補強;初動;低コスト;ドロー;リソース
DMPC-0923,受け札補強の除去カード0923,闇,3,呪文,,,相手の小型クリーチャーに干渉する。,仮カード;受け札補強;軽量除去;除去;テンポ
DMPC-0924,受け札補強の補給カード0924,火,4,呪文,,,手札や山札を整え、次の展開につなげる。,仮カード;受け札補強;ドロー;リソース;手札補充
DMPC-0925,受け札補強の中核カード0925,光,5,クリーチャー,4000,エンジェル・コマンド,中盤の盤面を支えるクリーチャー。,仮カード;受け札補強;中速;クリーチャー
DMPC-0926,受け札補強の防衛カード0926,自然,6,呪文,,,S・トリガー。相手の攻撃を止める防御札。,仮カード;受け札補強;S・トリガー;受け札;速攻対策;マナ送り
DMPC-0927,受け札補強の進化カード0927,水,6,進化クリーチャー,9000,リヴァイアサン,進化。中盤から終盤の勝ち筋になる。,仮カード;受け札補強;進化;フィニッシャー;リヴァイアサン
DMPC-0928,受け札補強の進化元カード0928,闇,3,クリーチャー,2000,ゴースト,進化元として使いやすい軽量クリーチャー。,仮カード;受け札補強;進化元;低コスト;クリーチャー
DMPC-0929,受け札補強の決着カード0929,火,7,クリーチャー,8000,アウトレイジ,W・ブレイカーを持つ大型フィニッシャー。,仮カード;受け札補強;フィニッシャー;大型;W・ブレイカー
DMPC-0930,受け札補強の連鎖カード0930,光,5,呪文,,,条件を満たすと踏み倒しや特殊な展開につながる。,仮カード;受け札補強;コンボ;踏み倒し;未知性
DMPC-0931,受け札補強の初動カード0931,自然,2,呪文,,,山札の上から1枚目をマナゾーンに置く。,仮カード;受け札補強;初動;低コスト;マナ加速
DMPC-0932,受け札補強の初動カード0932,水,3,クリーチャー,1000,リヴァイアサン,カードを1枚引く。,仮カード;受け札補強;初動;低コスト;ドロー;リソース
DMPC-0933,受け札補強の除去カード0933,闇,3,呪文,,,相手の小型クリーチャーに干渉する。,仮カード;受け札補強;軽量除去;除去;テンポ
DMPC-0934,受け札補強の補給カード0934,火,4,呪文,,,手札や山札を整え、次の展開につなげる。,仮カード;受け札補強;ドロー;リソース;手札補充
DMPC-0935,受け札補強の中核カード0935,光,5,クリーチャー,4000,エンジェル・コマンド,中盤の盤面を支えるクリーチャー。,仮カード;受け札補強;中速;クリーチャー
DMPC-0936,受け札補強の防衛カード0936,自然,6,呪文,,,S・トリガー。相手の攻撃を止める防御札。,仮カード;受け札補強;S・トリガー;受け札;速攻対策;マナ送り
DMPC-0937,受け札補強の進化カード0937,水,6,進化クリーチャー,9000,リヴァイアサン,進化。中盤から終盤の勝ち筋になる。,仮カード;受け札補強;進化;フィニッシャー;リヴァイアサン
DMPC-0938,受け札補強の進化元カード0938,闇,3,クリーチャー,2000,ゴースト,進化元として使いやすい軽量クリーチャー。,仮カード;受け札補強;進化元;低コスト;クリーチャー
DMPC-0939,受け札補強の決着カード0939,火,7,クリーチャー,8000,アウトレイジ,W・ブレイカーを持つ大型フィニッシャー。,仮カード;受け札補強;フィニッシャー;大型;W・ブレイカー
DMPC-0940,受け札補強の連鎖カード0940,光,5,呪文,,,条件を満たすと踏み倒しや特殊な展開につながる。,仮カード;受け札補強;コンボ;踏み倒し;未知性
DMPC-0941,受け札補強の初動カード0941,自然,2,呪文,,,山札の上から1枚目をマナゾーンに置く。,仮カード;受け札補強;初動;低コスト;マナ加速
DMPC-0942,受け札補強の初動カード0942,水,3,クリーチャー,1000,リヴァイアサン,カードを1枚引く。,仮カード;受け札補強;初動;低コスト;ドロー;リソース
DMPC-0943,受け札補強の除去カード0943,闇,3,呪文,,,相手の小型クリーチャーに干渉する。,仮カード;受け札補強;軽量除去;除去;テンポ
DMPC-0944,受け札補強の補給カード0944,火,4,呪文,,,手札や山札を整え、次の展開につなげる。,仮カード;受け札補強;ドロー;リソース;手札補充
DMPC-0945,受け札補強の中核カード0945,光,5,クリーチャー,4000,エンジェル・コマンド,中盤の盤面を支えるクリーチャー。,仮カード;受け札補強;中速;クリーチャー
DMPC-0946,受け札補強の防衛カード0946,自然,6,呪文,,,S・トリガー。相手の攻撃を止める防御札。,仮カード;受け札補強;S・トリガー;受け札;速攻対策;マナ送り
DMPC-0947,受け札補強の進化カード0947,水,6,進化クリーチャー,9000,リヴァイアサン,進化。中盤から終盤の勝ち筋になる。,仮カード;受け札補強;進化;フィニッシャー;リヴァイアサン
DMPC-0948,受け札補強の進化元カード0948,闇,3,クリーチャー,2000,ゴースト,進化元として使いやすい軽量クリーチャー。,仮カード;受け札補強;進化元;低コスト;クリーチャー
DMPC-0949,受け札補強の決着カード0949,火,7,クリーチャー,8000,アウトレイジ,W・ブレイカーを持つ大型フィニッシャー。,仮カード;受け札補強;フィニッシャー;大型;W・ブレイカー
DMPC-0950,受け札補強の連鎖カード0950,光,5,呪文,,,条件を満たすと踏み倒しや特殊な展開につながる。,仮カード;受け札補強;コンボ;踏み倒し;未知性
DMPC-0951,多色補強の初動カード0951,火/自然,2,呪文,,,山札の上から1枚目をマナゾーンに置く。,仮カード;多色補強;初動;低コスト;マナ加速;多色
DMPC-0952,多色補強の初動カード0952,光/水,3,クリーチャー,1000,グレートメカオー/イニシエート,カードを1枚引く。,仮カード;多色補強;初動;低コスト;ドロー;リソース;多色
DMPC-0953,多色補強の除去カード0953,水/闇,3,呪文,,,相手の小型クリーチャーに干渉する。,仮カード;多色補強;軽量除去;除去;テンポ;多色
DMPC-0954,多色補強の補給カード0954,光/闇,4,呪文,,,手札や山札を整え、次の展開につなげる。,仮カード;多色補強;ドロー;リソース;手札補充;多色
DMPC-0955,多色補強の中核カード0955,闇/自然,5,クリーチャー,4000,デーモン・コマンド/ジャイアント,中盤の盤面を支えるクリーチャー。,仮カード;多色補強;中速;クリーチャー;多色
DMPC-0956,多色補強の防衛カード0956,水/火/自然,6,呪文,,,S・トリガー。相手の攻撃を止める防御札。,仮カード;多色補強;S・トリガー;受け札;速攻対策;バウンス;全体除去;マナ送り;多色
DMPC-0957,多色補強の進化カード0957,光/水/自然,6,進化クリーチャー,9000,ガーディアン/サイバーロード/ビーストフォーク,進化。中盤から終盤の勝ち筋になる。,仮カード;多色補強;進化;フィニッシャー;多色;ガーディアン
DMPC-0958,多色補強の進化元カード0958,水/闇/火,3,クリーチャー,2000,サイバーロード/デスパペット/ヒューマノイド,進化元として使いやすい軽量クリーチャー。,仮カード;多色補強;進化元;低コスト;クリーチャー;多色
DMPC-0959,多色補強の決着カード0959,光/闇/自然,7,クリーチャー,8000,エンジェル・コマンド/デーモン・コマンド/ジャイアント,W・ブレイカーを持つ大型フィニッシャー。,仮カード;多色補強;フィニッシャー;大型;W・ブレイカー;多色
DMPC-0960,多色補強の連鎖カード0960,光/水/火,5,呪文,,,条件を満たすと踏み倒しや特殊な展開につながる。,仮カード;多色補強;コンボ;踏み倒し;未知性;多色
DMPC-0961,多色補強の初動カード0961,闇/火/自然,2,呪文,,,山札の上から1枚目をマナゾーンに置く。,仮カード;多色補強;初動;低コスト;マナ加速;多色
DMPC-0962,多色補強の初動カード0962,火/自然,3,クリーチャー,1000,ヒューマノイド/ビーストフォーク,山札の上から1枚目をマナゾーンに置く。,仮カード;多色補強;初動;低コスト;マナ加速;多色
DMPC-0963,多色補強の除去カード0963,光/水,3,呪文,,,相手の小型クリーチャーに干渉する。,仮カード;多色補強;軽量除去;除去;テンポ;多色
DMPC-0964,多色補強の補給カード0964,水/闇,4,呪文,,,手札や山札を整え、次の展開につなげる。,仮カード;多色補強;ドロー;リソース;手札補充;多色
DMPC-0965,多色補強の中核カード0965,光/闇,5,クリーチャー,4000,イニシエート/ゴースト,中盤の盤面を支えるクリーチャー。,仮カード;多色補強;中速;クリーチャー;多色
DMPC-0966,多色補強の防衛カード0966,闇/自然,6,呪文,,,S・トリガー。相手の攻撃を止める防御札。,仮カード;多色補強;S・トリガー;受け札;速攻対策;除去;マナ送り;多色
DMPC-0967,多色補強の進化カード0967,水/火/自然,6,進化クリーチャー,9000,サイバーロード/アーマード・ドラゴン/ビーストフォーク,進化。中盤から終盤の勝ち筋になる。,仮カード;多色補強;進化;フィニッシャー;多色;サイバーロード
DMPC-0968,多色補強の進化元カード0968,光/水/自然,3,クリーチャー,2000,ガーディアン/サイバーロード/ビーストフォーク,進化元として使いやすい軽量クリーチャー。,仮カード;多色補強;進化元;低コスト;クリーチャー;多色
DMPC-0969,多色補強の決着カード0969,水/闇/火,7,クリーチャー,8000,サイバーロード/デスパペット/ヒューマノイド,W・ブレイカーを持つ大型フィニッシャー。,仮カード;多色補強;フィニッシャー;大型;W・ブレイカー;多色
DMPC-0970,多色補強の連鎖カード0970,光/闇/自然,5,呪文,,,条件を満たすと踏み倒しや特殊な展開につながる。,仮カード;多色補強;コンボ;踏み倒し;未知性;多色
DMPC-0971,多色補強の初動カード0971,光/水/火,2,呪文,,,カードを1枚引く。,仮カード;多色補強;初動;低コスト;ドロー;リソース;多色
DMPC-0972,多色補強の初動カード0972,闇/火/自然,3,クリーチャー,1000,デーモン・コマンド/アーマード・ドラゴン/ビーストフォーク,山札の上から1枚目をマナゾーンに置く。,仮カード;多色補強;初動;低コスト;マナ加速;多色
DMPC-0973,多色補強の除去カード0973,火/自然,3,呪文,,,相手の小型クリーチャーに干渉する。,仮カード;多色補強;軽量除去;除去;テンポ;多色
DMPC-0974,多色補強の補給カード0974,光/水,4,呪文,,,手札や山札を整え、次の展開につなげる。,仮カード;多色補強;ドロー;リソース;手札補充;多色
DMPC-0975,多色補強の中核カード0975,水/闇,5,クリーチャー,4000,リキッド・ピープル/ゴースト,中盤の盤面を支えるクリーチャー。,仮カード;多色補強;中速;クリーチャー;多色
DMPC-0976,多色補強の防衛カード0976,光/闇,6,呪文,,,S・トリガー。相手の攻撃を止める防御札。,仮カード;多色補強;S・トリガー;受け札;速攻対策;除去;タップ;多色
DMPC-0977,多色補強の進化カード0977,闇/自然,6,進化クリーチャー,9000,デーモン・コマンド/ジャイアント,進化。中盤から終盤の勝ち筋になる。,仮カード;多色補強;進化;フィニッシャー;多色;デーモン・コマンド
DMPC-0978,多色補強の進化元カード0978,水/火/自然,3,クリーチャー,2000,サイバーロード/アーマード・ドラゴン/ビーストフォーク,進化元として使いやすい軽量クリーチャー。,仮カード;多色補強;進化元;低コスト;クリーチャー;多色
DMPC-0979,多色補強の決着カード0979,光/水/自然,7,クリーチャー,8000,ガーディアン/サイバーロード/ビーストフォーク,W・ブレイカーを持つ大型フィニッシャー。,仮カード;多色補強;フィニッシャー;大型;W・ブレイカー;多色
DMPC-0980,多色補強の連鎖カード0980,水/闇/火,5,呪文,,,条件を満たすと踏み倒しや特殊な展開につながる。,仮カード;多色補強;コンボ;踏み倒し;未知性;多色
DMPC-0981,多色補強の初動カード0981,光/闇/自然,2,呪文,,,山札の上から1枚目をマナゾーンに置く。,仮カード;多色補強;初動;低コスト;マナ加速;多色
DMPC-0982,多色補強の初動カード0982,光/水/火,3,クリーチャー,1000,イニシエート/サイバーロード/ヒューマノイド,カードを1枚引く。,仮カード;多色補強;初動;低コスト;ドロー;リソース;多色
DMPC-0983,多色補強の除去カード0983,闇/火/自然,3,呪文,,,相手の小型クリーチャーに干渉する。,仮カード;多色補強;軽量除去;除去;テンポ;多色
DMPC-0984,多色補強の補給カード0984,火/自然,4,呪文,,,手札や山札を整え、次の展開につなげる。,仮カード;多色補強;ドロー;リソース;手札補充;多色
DMPC-0985,多色補強の中核カード0985,光/水,5,クリーチャー,4000,サイバーロード/ガーディアン,中盤の盤面を支えるクリーチャー。,仮カード;多色補強;中速;クリーチャー;多色
DMPC-0986,多色補強の防衛カード0986,水/闇,6,呪文,,,S・トリガー。相手の攻撃を止める防御札。,仮カード;多色補強;S・トリガー;受け札;速攻対策;バウンス;除去;多色
DMPC-0987,多色補強の進化カード0987,光/闇,6,進化クリーチャー,9000,イニシエート/ゴースト,進化。中盤から終盤の勝ち筋になる。,仮カード;多色補強;進化;フィニッシャー;多色;イニシエート
DMPC-0988,多色補強の進化元カード0988,闇/自然,3,クリーチャー,2000,デスパペット/ビーストフォーク,進化元として使いやすい軽量クリーチャー。,仮カード;多色補強;進化元;低コスト;クリーチャー;多色
DMPC-0989,多色補強の決着カード0989,水/火/自然,7,クリーチャー,8000,サイバーロード/アーマード・ドラゴン/ビーストフォーク,W・ブレイカーを持つ大型フィニッシャー。,仮カード;多色補強;フィニッシャー;大型;W・ブレイカー;多色
DMPC-0990,多色補強の連鎖カード0990,光/水/自然,5,呪文,,,条件を満たすと踏み倒しや特殊な展開につながる。,仮カード;多色補強;コンボ;踏み倒し;未知性;多色
DMPC-0991,多色補強の初動カード0991,水/闇/火,2,呪文,,,カードを1枚引く。,仮カード;多色補強;初動;低コスト;ドロー;リソース;多色
DMPC-0992,多色補強の初動カード0992,光/闇/自然,3,クリーチャー,1000,エンジェル・コマンド/デーモン・コマンド/ジャイアント,山札の上から1枚目をマナゾーンに置く。,仮カード;多色補強;初動;低コスト;マナ加速;多色
DMPC-0993,多色補強の除去カード0993,光/水/火,3,呪文,,,相手の小型クリーチャーに干渉する。,仮カード;多色補強;軽量除去;除去;テンポ;多色
DMPC-0994,多色補強の補給カード0994,闇/火/自然,4,呪文,,,手札や山札を整え、次の展開につなげる。,仮カード;多色補強;ドロー;リソース;手札補充;多色
DMPC-0995,多色補強の中核カード0995,火/自然,5,クリーチャー,4000,アーマード・ドラゴン/アース・ドラゴン,中盤の盤面を支えるクリーチャー。,仮カード;多色補強;中速;クリーチャー;多色
DMPC-0996,多色補強の防衛カード0996,光/水,6,呪文,,,S・トリガー。相手の攻撃を止める防御札。,仮カード;多色補強;S・トリガー;受け札;速攻対策;バウンス;タップ;多色
DMPC-0997,多色補強の進化カード0997,水/闇,6,進化クリーチャー,9000,リキッド・ピープル/ゴースト,進化。中盤から終盤の勝ち筋になる。,仮カード;多色補強;進化;フィニッシャー;多色;リキッド・ピープル
DMPC-0998,多色補強の進化元カード0998,光/闇,3,クリーチャー,2000,エンジェル・コマンド/デーモン・コマンド,進化元として使いやすい軽量クリーチャー。,仮カード;多色補強;進化元;低コスト;クリーチャー;多色
DMPC-0999,多色補強の決着カード0999,闇/自然,7,クリーチャー,8000,デーモン・コマンド/ジャイアント,W・ブレイカーを持つ大型フィニッシャー。,仮カード;多色補強;フィニッシャー;大型;W・ブレイカー;多色
DMPC-1000,多色補強の連鎖カード1000,水/火/自然,5,呪文,,,条件を満たすと踏み倒しや特殊な展開につながる。,仮カード;多色補強;コンボ;踏み倒し;未知性;多色
DMPC-1001,多色補強の初動カード1001,光/水/自然,2,呪文,,,山札の上から1枚目をマナゾーンに置く。,仮カード;多色補強;初動;低コスト;マナ加速;多色
DMPC-1002,多色補強の初動カード1002,水/闇/火,3,クリーチャー,1000,サイバーロード/デスパペット/ヒューマノイド,カードを1枚引く。,仮カード;多色補強;初動;低コスト;ドロー;リソース;多色
DMPC-1003,多色補強の除去カード1003,光/闇/自然,3,呪文,,,相手の小型クリーチャーに干渉する。,仮カード;多色補強;軽量除去;除去;テンポ;多色
DMPC-1004,多色補強の補給カード1004,光/水/火,4,呪文,,,手札や山札を整え、次の展開につなげる。,仮カード;多色補強;ドロー;リソース;手札補充;多色
DMPC-1005,多色補強の中核カード1005,闇/火/自然,5,クリーチャー,4000,デーモン・コマンド/アーマード・ドラゴン/ビーストフォーク,中盤の盤面を支えるクリーチャー。,仮カード;多色補強;中速;クリーチャー;多色
DMPC-1006,多色補強の防衛カード1006,火/自然,6,呪文,,,S・トリガー。相手の攻撃を止める防御札。,仮カード;多色補強;S・トリガー;受け札;速攻対策;全体除去;マナ送り;多色
DMPC-1007,多色補強の進化カード1007,光/水,6,進化クリーチャー,9000,サイバーロード/ガーディアン,進化。中盤から終盤の勝ち筋になる。,仮カード;多色補強;進化;フィニッシャー;多色;サイバーロード
DMPC-1008,多色補強の進化元カード1008,水/闇,3,クリーチャー,2000,サイバーロード/デスパペット,進化元として使いやすい軽量クリーチャー。,仮カード;多色補強;進化元;低コスト;クリーチャー;多色
DMPC-1009,多色補強の決着カード1009,光/闇,7,クリーチャー,8000,イニシエート/ゴースト,W・ブレイカーを持つ大型フィニッシャー。,仮カード;多色補強;フィニッシャー;大型;W・ブレイカー;多色
DMPC-1010,多色補強の連鎖カード1010,闇/自然,5,呪文,,,条件を満たすと踏み倒しや特殊な展開につながる。,仮カード;多色補強;コンボ;踏み倒し;未知性;多色
DMPC-1011,多色補強の初動カード1011,水/火/自然,2,呪文,,,山札の上から1枚目をマナゾーンに置く。,仮カード;多色補強;初動;低コスト;マナ加速;多色
DMPC-1012,多色補強の初動カード1012,光/水/自然,3,クリーチャー,1000,ガーディアン/サイバーロード/ビーストフォーク,山札の上から1枚目をマナゾーンに置く。,仮カード;多色補強;初動;低コスト;マナ加速;多色
DMPC-1013,多色補強の除去カード1013,水/闇/火,3,呪文,,,相手の小型クリーチャーに干渉する。,仮カード;多色補強;軽量除去;除去;テンポ;多色
DMPC-1014,多色補強の補給カード1014,光/闇/自然,4,呪文,,,手札や山札を整え、次の展開につなげる。,仮カード;多色補強;ドロー;リソース;手札補充;多色
DMPC-1015,多色補強の中核カード1015,光/水/火,5,クリーチャー,4000,イニシエート/サイバーロード/ヒューマノイド,中盤の盤面を支えるクリーチャー。,仮カード;多色補強;中速;クリーチャー;多色
DMPC-1016,多色補強の防衛カード1016,闇/火/自然,6,呪文,,,S・トリガー。相手の攻撃を止める防御札。,仮カード;多色補強;S・トリガー;受け札;速攻対策;除去;全体除去;マナ送り;多色
DMPC-1017,多色補強の進化カード1017,火/自然,6,進化クリーチャー,9000,アーマード・ドラゴン/アース・ドラゴン,進化。中盤から終盤の勝ち筋になる。,仮カード;多色補強;進化;フィニッシャー;多色;アーマード・ドラゴン
DMPC-1018,多色補強の進化元カード1018,光/水,3,クリーチャー,2000,グレートメカオー/イニシエート,進化元として使いやすい軽量クリーチャー。,仮カード;多色補強;進化元;低コスト;クリーチャー;多色
DMPC-1019,多色補強の決着カード1019,水/闇,7,クリーチャー,8000,リキッド・ピープル/ゴースト,W・ブレイカーを持つ大型フィニッシャー。,仮カード;多色補強;フィニッシャー;大型;W・ブレイカー;多色
DMPC-1020,多色補強の連鎖カード1020,光/闇,5,呪文,,,条件を満たすと踏み倒しや特殊な展開につながる。,仮カード;多色補強;コンボ;踏み倒し;未知性;多色
DMPC-1021,多色補強の初動カード1021,闇/自然,2,呪文,,,山札の上から1枚目をマナゾーンに置く。,仮カード;多色補強;初動;低コスト;マナ加速;多色
DMPC-1022,多色補強の初動カード1022,水/火/自然,3,クリーチャー,1000,サイバーロード/アーマード・ドラゴン/ビーストフォーク,山札の上から1枚目をマナゾーンに置く。,仮カード;多色補強;初動;低コスト;マナ加速;多色
DMPC-1023,多色補強の除去カード1023,光/水/自然,3,呪文,,,相手の小型クリーチャーに干渉する。,仮カード;多色補強;軽量除去;除去;テンポ;多色
DMPC-1024,多色補強の補給カード1024,水/闇/火,4,呪文,,,手札や山札を整え、次の展開につなげる。,仮カード;多色補強;ドロー;リソース;手札補充;多色
DMPC-1025,多色補強の中核カード1025,光/闇/自然,5,クリーチャー,4000,エンジェル・コマンド/デーモン・コマンド/ジャイアント,中盤の盤面を支えるクリーチャー。,仮カード;多色補強;中速;クリーチャー;多色
DMPC-1026,多色補強の防衛カード1026,光/水/火,6,呪文,,,S・トリガー。相手の攻撃を止める防御札。,仮カード;多色補強;S・トリガー;受け札;速攻対策;バウンス;全体除去;タップ;多色
DMPC-1027,多色補強の進化カード1027,闇/火/自然,6,進化クリーチャー,9000,デーモン・コマンド/アーマード・ドラゴン/ビーストフォーク,進化。中盤から終盤の勝ち筋になる。,仮カード;多色補強;進化;フィニッシャー;多色;デーモン・コマンド
DMPC-1028,多色補強の進化元カード1028,火/自然,3,クリーチャー,2000,ヒューマノイド/ビーストフォーク,進化元として使いやすい軽量クリーチャー。,仮カード;多色補強;進化元;低コスト;クリーチャー;多色
DMPC-1029,多色補強の決着カード1029,光/水,7,クリーチャー,8000,サイバーロード/ガーディアン,W・ブレイカーを持つ大型フィニッシャー。,仮カード;多色補強;フィニッシャー;大型;W・ブレイカー;多色
DMPC-1030,多色補強の連鎖カード1030,水/闇,5,呪文,,,条件を満たすと踏み倒しや特殊な展開につながる。,仮カード;多色補強;コンボ;踏み倒し;未知性;多色
DMPC-1031,多色補強の初動カード1031,光/闇,2,呪文,,,相手は自身の手札を1枚捨てる。,仮カード;多色補強;初動;低コスト;ハンデス;妨害;多色
DMPC-1032,多色補強の初動カード1032,闇/自然,3,クリーチャー,1000,デスパペット/ビーストフォーク,山札の上から1枚目をマナゾーンに置く。,仮カード;多色補強;初動;低コスト;マナ加速;多色
DMPC-1033,多色補強の除去カード1033,水/火/自然,3,呪文,,,相手の小型クリーチャーに干渉する。,仮カード;多色補強;軽量除去;除去;テンポ;多色
DMPC-1034,多色補強の補給カード1034,光/水/自然,4,呪文,,,手札や山札を整え、次の展開につなげる。,仮カード;多色補強;ドロー;リソース;手札補充;多色
DMPC-1035,多色補強の中核カード1035,水/闇/火,5,クリーチャー,4000,サイバーロード/デスパペット/ヒューマノイド,中盤の盤面を支えるクリーチャー。,仮カード;多色補強;中速;クリーチャー;多色
DMPC-1036,多色補強の防衛カード1036,光/闇/自然,6,呪文,,,S・トリガー。相手の攻撃を止める防御札。,仮カード;多色補強;S・トリガー;受け札;速攻対策;除去;タップ;マナ送り;多色
DMPC-1037,多色補強の進化カード1037,光/水/火,6,進化クリーチャー,9000,イニシエート/サイバーロード/ヒューマノイド,進化。中盤から終盤の勝ち筋になる。,仮カード;多色補強;進化;フィニッシャー;多色;イニシエート
DMPC-1038,多色補強の進化元カード1038,闇/火/自然,3,クリーチャー,2000,デーモン・コマンド/アーマード・ドラゴン/ビーストフォーク,進化元として使いやすい軽量クリーチャー。,仮カード;多色補強;進化元;低コスト;クリーチャー;多色
DMPC-1039,多色補強の決着カード1039,火/自然,7,クリーチャー,8000,アーマード・ドラゴン/アース・ドラゴン,W・ブレイカーを持つ大型フィニッシャー。,仮カード;多色補強;フィニッシャー;大型;W・ブレイカー;多色
DMPC-1040,多色補強の連鎖カード1040,光/水,5,呪文,,,条件を満たすと踏み倒しや特殊な展開につながる。,仮カード;多色補強;コンボ;踏み倒し;未知性;多色
DMPC-1041,多色補強の初動カード1041,水/闇,2,呪文,,,カードを1枚引く。,仮カード;多色補強;初動;低コスト;ドロー;リソース;多色
DMPC-1042,多色補強の初動カード1042,光/闇,3,クリーチャー,1000,エンジェル・コマンド/デーモン・コマンド,相手は自身の手札を1枚捨てる。,仮カード;多色補強;初動;低コスト;ハンデス;妨害;多色
DMPC-1043,多色補強の除去カード1043,闇/自然,3,呪文,,,相手の小型クリーチャーに干渉する。,仮カード;多色補強;軽量除去;除去;テンポ;多色
DMPC-1044,多色補強の補給カード1044,水/火/自然,4,呪文,,,手札や山札を整え、次の展開につなげる。,仮カード;多色補強;ドロー;リソース;手札補充;多色
DMPC-1045,多色補強の中核カード1045,光/水/自然,5,クリーチャー,4000,ガーディアン/サイバーロード/ビーストフォーク,中盤の盤面を支えるクリーチャー。,仮カード;多色補強;中速;クリーチャー;多色
DMPC-1046,多色補強の防衛カード1046,水/闇/火,6,呪文,,,S・トリガー。相手の攻撃を止める防御札。,仮カード;多色補強;S・トリガー;受け札;速攻対策;バウンス;除去;全体除去;多色
DMPC-1047,多色補強の進化カード1047,光/闇/自然,6,進化クリーチャー,9000,エンジェル・コマンド/デーモン・コマンド/ジャイアント,進化。中盤から終盤の勝ち筋になる。,仮カード;多色補強;進化;フィニッシャー;多色;エンジェル・コマンド
DMPC-1048,多色補強の進化元カード1048,光/水/火,3,クリーチャー,2000,イニシエート/サイバーロード/ヒューマノイド,進化元として使いやすい軽量クリーチャー。,仮カード;多色補強;進化元;低コスト;クリーチャー;多色
DMPC-1049,多色補強の決着カード1049,闇/火/自然,7,クリーチャー,8000,デーモン・コマンド/アーマード・ドラゴン/ビーストフォーク,W・ブレイカーを持つ大型フィニッシャー。,仮カード;多色補強;フィニッシャー;大型;W・ブレイカー;多色
DMPC-1050,多色補強の連鎖カード1050,火/自然,5,呪文,,,条件を満たすと踏み倒しや特殊な展開につながる。,仮カード;多色補強;コンボ;踏み倒し;未知性;多色
DMPC-1051,多色補強の初動カード1051,光/水,2,呪文,,,カードを1枚引く。,仮カード;多色補強;初動;低コスト;ドロー;リソース;多色
DMPC-1052,多色補強の初動カード1052,水/闇,3,クリーチャー,1000,サイバーロード/デスパペット,カードを1枚引く。,仮カード;多色補強;初動;低コスト;ドロー;リソース;多色
DMPC-1053,多色補強の除去カード1053,光/闇,3,呪文,,,相手の小型クリーチャーに干渉する。,仮カード;多色補強;軽量除去;除去;テンポ;多色
DMPC-1054,多色補強の補給カード1054,闇/自然,4,呪文,,,手札や山札を整え、次の展開につなげる。,仮カード;多色補強;ドロー;リソース;手札補充;多色
DMPC-1055,多色補強の中核カード1055,水/火/自然,5,クリーチャー,4000,サイバーロード/アーマード・ドラゴン/ビーストフォーク,中盤の盤面を支えるクリーチャー。,仮カード;多色補強;中速;クリーチャー;多色
DMPC-1056,多色補強の防衛カード1056,光/水/自然,6,呪文,,,S・トリガー。相手の攻撃を止める防御札。,仮カード;多色補強;S・トリガー;受け札;速攻対策;バウンス;タップ;マナ送り;多色
DMPC-1057,多色補強の進化カード1057,水/闇/火,6,進化クリーチャー,9000,サイバーロード/デスパペット/ヒューマノイド,進化。中盤から終盤の勝ち筋になる。,仮カード;多色補強;進化;フィニッシャー;多色;サイバーロード
DMPC-1058,多色補強の進化元カード1058,光/闇/自然,3,クリーチャー,2000,エンジェル・コマンド/デーモン・コマンド/ジャイアント,進化元として使いやすい軽量クリーチャー。,仮カード;多色補強;進化元;低コスト;クリーチャー;多色
DMPC-1059,多色補強の決着カード1059,光/水/火,7,クリーチャー,8000,イニシエート/サイバーロード/ヒューマノイド,W・ブレイカーを持つ大型フィニッシャー。,仮カード;多色補強;フィニッシャー;大型;W・ブレイカー;多色
DMPC-1060,多色補強の連鎖カード1060,闇/火/自然,5,呪文,,,条件を満たすと踏み倒しや特殊な展開につながる。,仮カード;多色補強;コンボ;踏み倒し;未知性;多色
DMPC-1061,多色補強の初動カード1061,火/自然,2,呪文,,,山札の上から1枚目をマナゾーンに置く。,仮カード;多色補強;初動;低コスト;マナ加速;多色
DMPC-1062,多色補強の初動カード1062,光/水,3,クリーチャー,1000,グレートメカオー/イニシエート,カードを1枚引く。,仮カード;多色補強;初動;低コスト;ドロー;リソース;多色
DMPC-1063,多色補強の除去カード1063,水/闇,3,呪文,,,相手の小型クリーチャーに干渉する。,仮カード;多色補強;軽量除去;除去;テンポ;多色
DMPC-1064,多色補強の補給カード1064,光/闇,4,呪文,,,手札や山札を整え、次の展開につなげる。,仮カード;多色補強;ドロー;リソース;手札補充;多色
DMPC-1065,多色補強の中核カード1065,闇/自然,5,クリーチャー,4000,デーモン・コマンド/ジャイアント,中盤の盤面を支えるクリーチャー。,仮カード;多色補強;中速;クリーチャー;多色
DMPC-1066,多色補強の防衛カード1066,水/火/自然,6,呪文,,,S・トリガー。相手の攻撃を止める防御札。,仮カード;多色補強;S・トリガー;受け札;速攻対策;バウンス;全体除去;マナ送り;多色
DMPC-1067,多色補強の進化カード1067,光/水/自然,6,進化クリーチャー,9000,ガーディアン/サイバーロード/ビーストフォーク,進化。中盤から終盤の勝ち筋になる。,仮カード;多色補強;進化;フィニッシャー;多色;ガーディアン
DMPC-1068,多色補強の進化元カード1068,水/闇/火,3,クリーチャー,2000,サイバーロード/デスパペット/ヒューマノイド,進化元として使いやすい軽量クリーチャー。,仮カード;多色補強;進化元;低コスト;クリーチャー;多色
DMPC-1069,多色補強の決着カード1069,光/闇/自然,7,クリーチャー,8000,エンジェル・コマンド/デーモン・コマンド/ジャイアント,W・ブレイカーを持つ大型フィニッシャー。,仮カード;多色補強;フィニッシャー;大型;W・ブレイカー;多色
DMPC-1070,多色補強の連鎖カード1070,光/水/火,5,呪文,,,条件を満たすと踏み倒しや特殊な展開につながる。,仮カード;多色補強;コンボ;踏み倒し;未知性;多色
DMPC-1071,多色補強の初動カード1071,闇/火/自然,2,呪文,,,山札の上から1枚目をマナゾーンに置く。,仮カード;多色補強;初動;低コスト;マナ加速;多色
DMPC-1072,多色補強の初動カード1072,火/自然,3,クリーチャー,1000,ヒューマノイド/ビーストフォーク,山札の上から1枚目をマナゾーンに置く。,仮カード;多色補強;初動;低コスト;マナ加速;多色
DMPC-1073,多色補強の除去カード1073,光/水,3,呪文,,,相手の小型クリーチャーに干渉する。,仮カード;多色補強;軽量除去;除去;テンポ;多色
DMPC-1074,多色補強の補給カード1074,水/闇,4,呪文,,,手札や山札を整え、次の展開につなげる。,仮カード;多色補強;ドロー;リソース;手札補充;多色
DMPC-1075,多色補強の中核カード1075,光/闇,5,クリーチャー,4000,イニシエート/ゴースト,中盤の盤面を支えるクリーチャー。,仮カード;多色補強;中速;クリーチャー;多色
DMPC-1076,多色補強の防衛カード1076,闇/自然,6,呪文,,,S・トリガー。相手の攻撃を止める防御札。,仮カード;多色補強;S・トリガー;受け札;速攻対策;除去;マナ送り;多色
DMPC-1077,多色補強の進化カード1077,水/火/自然,6,進化クリーチャー,9000,サイバーロード/アーマード・ドラゴン/ビーストフォーク,進化。中盤から終盤の勝ち筋になる。,仮カード;多色補強;進化;フィニッシャー;多色;サイバーロード
DMPC-1078,多色補強の進化元カード1078,光/水/自然,3,クリーチャー,2000,ガーディアン/サイバーロード/ビーストフォーク,進化元として使いやすい軽量クリーチャー。,仮カード;多色補強;進化元;低コスト;クリーチャー;多色
DMPC-1079,多色補強の決着カード1079,水/闇/火,7,クリーチャー,8000,サイバーロード/デスパペット/ヒューマノイド,W・ブレイカーを持つ大型フィニッシャー。,仮カード;多色補強;フィニッシャー;大型;W・ブレイカー;多色
DMPC-1080,多色補強の連鎖カード1080,光/闇/自然,5,呪文,,,条件を満たすと踏み倒しや特殊な展開につながる。,仮カード;多色補強;コンボ;踏み倒し;未知性;多色
DMPC-1081,多色補強の初動カード1081,光/水/火,2,呪文,,,カードを1枚引く。,仮カード;多色補強;初動;低コスト;ドロー;リソース;多色
DMPC-1082,多色補強の初動カード1082,闇/火/自然,3,クリーチャー,1000,デーモン・コマンド/アーマード・ドラゴン/ビーストフォーク,山札の上から1枚目をマナゾーンに置く。,仮カード;多色補強;初動;低コスト;マナ加速;多色
DMPC-1083,多色補強の除去カード1083,火/自然,3,呪文,,,相手の小型クリーチャーに干渉する。,仮カード;多色補強;軽量除去;除去;テンポ;多色
DMPC-1084,多色補強の補給カード1084,光/水,4,呪文,,,手札や山札を整え、次の展開につなげる。,仮カード;多色補強;ドロー;リソース;手札補充;多色
DMPC-1085,多色補強の中核カード1085,水/闇,5,クリーチャー,4000,リキッド・ピープル/ゴースト,中盤の盤面を支えるクリーチャー。,仮カード;多色補強;中速;クリーチャー;多色
DMPC-1086,多色補強の防衛カード1086,光/闇,6,呪文,,,S・トリガー。相手の攻撃を止める防御札。,仮カード;多色補強;S・トリガー;受け札;速攻対策;除去;タップ;多色
DMPC-1087,多色補強の進化カード1087,闇/自然,6,進化クリーチャー,9000,デーモン・コマンド/ジャイアント,進化。中盤から終盤の勝ち筋になる。,仮カード;多色補強;進化;フィニッシャー;多色;デーモン・コマンド
DMPC-1088,多色補強の進化元カード1088,水/火/自然,3,クリーチャー,2000,サイバーロード/アーマード・ドラゴン/ビーストフォーク,進化元として使いやすい軽量クリーチャー。,仮カード;多色補強;進化元;低コスト;クリーチャー;多色
DMPC-1089,多色補強の決着カード1089,光/水/自然,7,クリーチャー,8000,ガーディアン/サイバーロード/ビーストフォーク,W・ブレイカーを持つ大型フィニッシャー。,仮カード;多色補強;フィニッシャー;大型;W・ブレイカー;多色
DMPC-1090,多色補強の連鎖カード1090,水/闇/火,5,呪文,,,条件を満たすと踏み倒しや特殊な展開につながる。,仮カード;多色補強;コンボ;踏み倒し;未知性;多色
DMPC-1091,多色補強の初動カード1091,光/闇/自然,2,呪文,,,山札の上から1枚目をマナゾーンに置く。,仮カード;多色補強;初動;低コスト;マナ加速;多色
DMPC-1092,多色補強の初動カード1092,光/水/火,3,クリーチャー,1000,イニシエート/サイバーロード/ヒューマノイド,カードを1枚引く。,仮カード;多色補強;初動;低コスト;ドロー;リソース;多色
DMPC-1093,多色補強の除去カード1093,闇/火/自然,3,呪文,,,相手の小型クリーチャーに干渉する。,仮カード;多色補強;軽量除去;除去;テンポ;多色
DMPC-1094,多色補強の補給カード1094,火/自然,4,呪文,,,手札や山札を整え、次の展開につなげる。,仮カード;多色補強;ドロー;リソース;手札補充;多色
DMPC-1095,多色補強の中核カード1095,光/水,5,クリーチャー,4000,サイバーロード/ガーディアン,中盤の盤面を支えるクリーチャー。,仮カード;多色補強;中速;クリーチャー;多色
DMPC-1096,多色補強の防衛カード1096,水/闇,6,呪文,,,S・トリガー。相手の攻撃を止める防御札。,仮カード;多色補強;S・トリガー;受け札;速攻対策;バウンス;除去;多色
DMPC-1097,多色補強の進化カード1097,光/闇,6,進化クリーチャー,9000,イニシエート/ゴースト,進化。中盤から終盤の勝ち筋になる。,仮カード;多色補強;進化;フィニッシャー;多色;イニシエート
DMPC-1098,多色補強の進化元カード1098,闇/自然,3,クリーチャー,2000,デスパペット/ビーストフォーク,進化元として使いやすい軽量クリーチャー。,仮カード;多色補強;進化元;低コスト;クリーチャー;多色
DMPC-1099,多色補強の決着カード1099,水/火/自然,7,クリーチャー,8000,サイバーロード/アーマード・ドラゴン/ビーストフォーク,W・ブレイカーを持つ大型フィニッシャー。,仮カード;多色補強;フィニッシャー;大型;W・ブレイカー;多色
DMPC-1100,多色補強の連鎖カード1100,光/水/自然,5,呪文,,,条件を満たすと踏み倒しや特殊な展開につながる。,仮カード;多色補強;コンボ;踏み倒し;未知性;多色
DMPC-1101,完成補強の初動カード1101,自然,2,呪文,,,山札の上から1枚目をマナゾーンに置く。,仮カード;完成補強;初動;低コスト;マナ加速
DMPC-1102,完成補強の初動カード1102,水,3,クリーチャー,1000,リヴァイアサン,カードを1枚引く。,仮カード;完成補強;初動;低コスト;ドロー;リソース
DMPC-1103,完成補強の除去カード1103,闇,3,呪文,,,相手の小型クリーチャーに干渉する。,仮カード;完成補強;軽量除去;除去;テンポ
DMPC-1104,完成補強の補給カード1104,火,4,呪文,,,手札や山札を整え、次の展開につなげる。,仮カード;完成補強;ドロー;リソース;手札補充
DMPC-1105,完成補強の中核カード1105,光,5,クリーチャー,4000,エンジェル・コマンド,中盤の盤面を支えるクリーチャー。,仮カード;完成補強;中速;クリーチャー
DMPC-1106,完成補強の防衛カード1106,無色,6,呪文,,,S・トリガー。相手の攻撃を止める防御札。,仮カード;完成補強;S・トリガー;受け札;速攻対策;無色;ゼニス
DMPC-1107,完成補強の進化カード1107,光/水/闇/火/自然,6,進化クリーチャー,9000,ゴッド/ワールド・コマンド,進化。中盤から終盤の勝ち筋になる。,仮カード;完成補強;進化;フィニッシャー;多色;5色;ロマン;ゴッド
DMPC-1108,完成補強の進化元カード1108,自然,3,クリーチャー,2000,アース・ドラゴン,進化元として使いやすい軽量クリーチャー。,仮カード;完成補強;進化元;低コスト;クリーチャー
DMPC-1109,完成補強の決着カード1109,水,7,クリーチャー,8000,グレートメカオー,W・ブレイカーを持つ大型フィニッシャー。,仮カード;完成補強;フィニッシャー;大型;W・ブレイカー
DMPC-1110,完成補強の連鎖カード1110,闇,5,呪文,,,条件を満たすと踏み倒しや特殊な展開につながる。,仮カード;完成補強;コンボ;踏み倒し;未知性
DMPC-1111,完成補強の初動カード1111,火,2,呪文,,,序盤から攻撃する軽量カード。,仮カード;完成補強;初動;低コスト;速攻
DMPC-1112,完成補強の初動カード1112,光,3,クリーチャー,1000,イニシエート,ブロッカーを持つ軽量防御カード。,仮カード;完成補強;初動;低コスト;ブロッカー;受け札
DMPC-1113,完成補強の除去カード1113,無色,3,呪文,,,相手の小型クリーチャーに干渉する。,仮カード;完成補強;軽量除去;除去;テンポ;無色;ゼニス
DMPC-1114,完成補強の補給カード1114,光/水/闇/火/自然,4,呪文,,,手札や山札を整え、次の展開につなげる。,仮カード;完成補強;ドロー;リソース;手札補充;多色;5色;ロマン
DMPC-1115,完成補強の中核カード1115,自然,5,クリーチャー,4000,ビーストフォーク,中盤の盤面を支えるクリーチャー。,仮カード;完成補強;中速;クリーチャー
DMPC-1116,完成補強の防衛カード1116,水,6,呪文,,,S・トリガー。相手の攻撃を止める防御札。,仮カード;完成補強;S・トリガー;受け札;速攻対策;バウンス
DMPC-1117,完成補強の進化カード1117,闇,6,進化クリーチャー,9000,ドラゴン・ゾンビ,進化。中盤から終盤の勝ち筋になる。,仮カード;完成補強;進化;フィニッシャー;ドラゴン・ゾンビ
DMPC-1118,完成補強の進化元カード1118,火,3,クリーチャー,2000,ファイアー・バード,進化元として使いやすい軽量クリーチャー。,仮カード;完成補強;進化元;低コスト;クリーチャー
DMPC-1119,完成補強の決着カード1119,光,7,クリーチャー,8000,メカ・デル・ソル,W・ブレイカーを持つ大型フィニッシャー。,仮カード;完成補強;フィニッシャー;大型;W・ブレイカー
DMPC-1120,完成補強の連鎖カード1120,無色,5,呪文,,,条件を満たすと踏み倒しや特殊な展開につながる。,仮カード;完成補強;コンボ;踏み倒し;未知性;無色;ゼニス
DMPC-1121,完成補強の初動カード1121,光/水/闇/火/自然,2,呪文,,,山札の上から1枚目をマナゾーンに置く。,仮カード;完成補強;初動;低コスト;マナ加速;多色;5色;ロマン
DMPC-1122,完成補強の初動カード1122,自然,3,クリーチャー,1000,スノーフェアリー,山札の上から1枚目をマナゾーンに置く。,仮カード;完成補強;初動;低コスト;マナ加速
DMPC-1123,完成補強の除去カード1123,水,3,呪文,,,相手の小型クリーチャーに干渉する。,仮カード;完成補強;軽量除去;除去;テンポ
DMPC-1124,完成補強の補給カード1124,闇,4,呪文,,,手札や山札を整え、次の展開につなげる。,仮カード;完成補強;ドロー;リソース;手札補充
DMPC-1125,完成補強の中核カード1125,火,5,クリーチャー,4000,アーマード・ドラゴン,中盤の盤面を支えるクリーチャー。,仮カード;完成補強;中速;クリーチャー
DMPC-1126,完成補強の防衛カード1126,光,6,呪文,,,S・トリガー。相手の攻撃を止める防御札。,仮カード;完成補強;S・トリガー;受け札;速攻対策;タップ
DMPC-1127,完成補強の進化カード1127,無色,6,進化クリーチャー,9000,オラクル,進化。中盤から終盤の勝ち筋になる。,仮カード;完成補強;進化;フィニッシャー;無色;ゼニス;オラクル
DMPC-1128,完成補強の進化元カード1128,光/水/闇/火/自然,3,クリーチャー,2000,ゴッド/ワールド・コマンド,進化元として使いやすい軽量クリーチャー。,仮カード;完成補強;進化元;低コスト;クリーチャー;多色;5色;ロマン
DMPC-1129,完成補強の決着カード1129,自然,7,クリーチャー,8000,ドリームメイト,W・ブレイカーを持つ大型フィニッシャー。,仮カード;完成補強;フィニッシャー;大型;W・ブレイカー
DMPC-1130,完成補強の連鎖カード1130,水,5,呪文,,,条件を満たすと踏み倒しや特殊な展開につながる。,仮カード;完成補強;コンボ;踏み倒し;未知性
DMPC-1131,完成補強の初動カード1131,闇,2,呪文,,,相手は自身の手札を1枚捨てる。,仮カード;完成補強;初動;低コスト;ハンデス;妨害
DMPC-1132,完成補強の初動カード1132,火,3,クリーチャー,1000,ドラゴノイド,序盤から攻撃する軽量カード。,仮カード;完成補強;初動;低コスト;速攻
DMPC-1133,完成補強の除去カード1133,光,3,呪文,,,相手の小型クリーチャーに干渉する。,仮カード;完成補強;軽量除去;除去;テンポ
DMPC-1134,完成補強の補給カード1134,無色,4,呪文,,,手札や山札を整え、次の展開につなげる。,仮カード;完成補強;ドロー;リソース;手札補充;無色;ゼニス
DMPC-1135,完成補強の中核カード1135,光/水/闇/火/自然,5,クリーチャー,4000,ゴッド/ワールド・コマンド,中盤の盤面を支えるクリーチャー。,仮カード;完成補強;中速;クリーチャー;多色;5色;ロマン
DMPC-1136,完成補強の防衛カード1136,自然,6,呪文,,,S・トリガー。相手の攻撃を止める防御札。,仮カード;完成補強;S・トリガー;受け札;速攻対策;マナ送り
DMPC-1137,完成補強の進化カード1137,水,6,進化クリーチャー,9000,リヴァイアサン,進化。中盤から終盤の勝ち筋になる。,仮カード;完成補強;進化;フィニッシャー;リヴァイアサン
DMPC-1138,完成補強の進化元カード1138,闇,3,クリーチャー,2000,ゴースト,進化元として使いやすい軽量クリーチャー。,仮カード;完成補強;進化元;低コスト;クリーチャー
DMPC-1139,完成補強の決着カード1139,火,7,クリーチャー,8000,アウトレイジ,W・ブレイカーを持つ大型フィニッシャー。,仮カード;完成補強;フィニッシャー;大型;W・ブレイカー
DMPC-1140,完成補強の連鎖カード1140,光,5,呪文,,,条件を満たすと踏み倒しや特殊な展開につながる。,仮カード;完成補強;コンボ;踏み倒し;未知性
DMPC-1141,完成補強の初動カード1141,無色,2,呪文,,,序盤の動きを安定させる基礎カード。,仮カード;完成補強;初動;低コスト;無色;ゼニス
DMPC-1142,完成補強の初動カード1142,光/水/闇/火/自然,3,クリーチャー,1000,ゴッド/ワールド・コマンド,山札の上から1枚目をマナゾーンに置く。,仮カード;完成補強;初動;低コスト;マナ加速;多色;5色;ロマン
DMPC-1143,完成補強の除去カード1143,自然,3,呪文,,,相手の小型クリーチャーに干渉する。,仮カード;完成補強;軽量除去;除去;テンポ
DMPC-1144,完成補強の補給カード1144,水,4,呪文,,,手札や山札を整え、次の展開につなげる。,仮カード;完成補強;ドロー;リソース;手札補充
DMPC-1145,完成補強の中核カード1145,闇,5,クリーチャー,4000,デーモン・コマンド,中盤の盤面を支えるクリーチャー。,仮カード;完成補強;中速;クリーチャー
DMPC-1146,完成補強の防衛カード1146,火,6,呪文,,,S・トリガー。相手の攻撃を止める防御札。,仮カード;完成補強;S・トリガー;受け札;速攻対策;全体除去
DMPC-1147,完成補強の進化カード1147,光,6,進化クリーチャー,9000,イニシエート,進化。中盤から終盤の勝ち筋になる。,仮カード;完成補強;進化;フィニッシャー;イニシエート
DMPC-1148,完成補強の進化元カード1148,無色,3,クリーチャー,2000,オラクル,進化元として使いやすい軽量クリーチャー。,仮カード;完成補強;進化元;低コスト;クリーチャー;無色;ゼニス
DMPC-1149,完成補強の決着カード1149,光/水/闇/火/自然,7,クリーチャー,8000,ゴッド/ワールド・コマンド,W・ブレイカーを持つ大型フィニッシャー。,仮カード;完成補強;フィニッシャー;大型;W・ブレイカー;多色;5色;ロマン
DMPC-1150,完成補強の連鎖カード1150,自然,5,呪文,,,条件を満たすと踏み倒しや特殊な展開につながる。,仮カード;完成補強;コンボ;踏み倒し;未知性
DMPC-1151,完成補強の初動カード1151,水,2,呪文,,,カードを1枚引く。,仮カード;完成補強;初動;低コスト;ドロー;リソース
DMPC-1152,完成補強の初動カード1152,闇,3,クリーチャー,1000,ドラゴン・ゾンビ,相手は自身の手札を1枚捨てる。,仮カード;完成補強;初動;低コスト;ハンデス;妨害
DMPC-1153,完成補強の除去カード1153,火,3,呪文,,,相手の小型クリーチャーに干渉する。,仮カード;完成補強;軽量除去;除去;テンポ
DMPC-1154,完成補強の補給カード1154,光,4,呪文,,,手札や山札を整え、次の展開につなげる。,仮カード;完成補強;ドロー;リソース;手札補充
DMPC-1155,完成補強の中核カード1155,無色,5,クリーチャー,4000,ゼニス,中盤の盤面を支えるクリーチャー。,仮カード;完成補強;中速;クリーチャー;無色;ゼニス
DMPC-1156,完成補強の防衛カード1156,光/水/闇/火/自然,6,呪文,,,S・トリガー。相手の攻撃を止める防御札。,仮カード;完成補強;S・トリガー;受け札;速攻対策;バウンス;除去;全体除去;タップ;マナ送り;多色;5色;ロマン
DMPC-1157,完成補強の進化カード1157,自然,6,進化クリーチャー,9000,スノーフェアリー,進化。中盤から終盤の勝ち筋になる。,仮カード;完成補強;進化;フィニッシャー;スノーフェアリー
DMPC-1158,完成補強の進化元カード1158,水,3,クリーチャー,2000,サイバー・コマンド,進化元として使いやすい軽量クリーチャー。,仮カード;完成補強;進化元;低コスト;クリーチャー
DMPC-1159,完成補強の決着カード1159,闇,7,クリーチャー,8000,グランド・デビル,W・ブレイカーを持つ大型フィニッシャー。,仮カード;完成補強;フィニッシャー;大型;W・ブレイカー
DMPC-1160,完成補強の連鎖カード1160,火,5,呪文,,,条件を満たすと踏み倒しや特殊な展開につながる。,仮カード;完成補強;コンボ;踏み倒し;未知性
DMPC-1161,完成補強の初動カード1161,光,2,呪文,,,ブロッカーを持つ軽量防御カード。,仮カード;完成補強;初動;低コスト;ブロッカー;受け札
DMPC-1162,完成補強の初動カード1162,無色,3,クリーチャー,1000,ゴッド・ノヴァ,序盤の動きを安定させる基礎カード。,仮カード;完成補強;初動;低コスト;無色;ゼニス
DMPC-1163,完成補強の除去カード1163,光/水/闇/火/自然,3,呪文,,,相手の小型クリーチャーに干渉する。,仮カード;完成補強;軽量除去;除去;テンポ;多色;5色;ロマン
DMPC-1164,完成補強の補給カード1164,自然,4,呪文,,,手札や山札を整え、次の展開につなげる。,仮カード;完成補強;ドロー;リソース;手札補充
DMPC-1165,完成補強の中核カード1165,水,5,クリーチャー,4000,リキッド・ピープル,中盤の盤面を支えるクリーチャー。,仮カード;完成補強;中速;クリーチャー
DMPC-1166,完成補強の防衛カード1166,闇,6,呪文,,,S・トリガー。相手の攻撃を止める防御札。,仮カード;完成補強;S・トリガー;受け札;速攻対策;除去
DMPC-1167,完成補強の進化カード1167,火,6,進化クリーチャー,9000,ドラゴノイド,進化。中盤から終盤の勝ち筋になる。,仮カード;完成補強;進化;フィニッシャー;ドラゴノイド
DMPC-1168,完成補強の進化元カード1168,光,3,クリーチャー,2000,アポロニア・ドラゴン,進化元として使いやすい軽量クリーチャー。,仮カード;完成補強;進化元;低コスト;クリーチャー
DMPC-1169,完成補強の決着カード1169,無色,7,クリーチャー,8000,オラクル,W・ブレイカーを持つ大型フィニッシャー。,仮カード;完成補強;フィニッシャー;大型;W・ブレイカー;無色;ゼニス
DMPC-1170,完成補強の連鎖カード1170,光/水/闇/火/自然,5,呪文,,,条件を満たすと踏み倒しや特殊な展開につながる。,仮カード;完成補強;コンボ;踏み倒し;未知性;多色;5色;ロマン
DMPC-1171,完成補強の初動カード1171,自然,2,呪文,,,山札の上から1枚目をマナゾーンに置く。,仮カード;完成補強;初動;低コスト;マナ加速
DMPC-1172,完成補強の初動カード1172,水,3,クリーチャー,1000,リヴァイアサン,カードを1枚引く。,仮カード;完成補強;初動;低コスト;ドロー;リソース
DMPC-1173,完成補強の除去カード1173,闇,3,呪文,,,相手の小型クリーチャーに干渉する。,仮カード;完成補強;軽量除去;除去;テンポ
DMPC-1174,完成補強の補給カード1174,火,4,呪文,,,手札や山札を整え、次の展開につなげる。,仮カード;完成補強;ドロー;リソース;手札補充
DMPC-1175,完成補強の中核カード1175,光,5,クリーチャー,4000,エンジェル・コマンド,中盤の盤面を支えるクリーチャー。,仮カード;完成補強;中速;クリーチャー
DMPC-1176,完成補強の防衛カード1176,無色,6,呪文,,,S・トリガー。相手の攻撃を止める防御札。,仮カード;完成補強;S・トリガー;受け札;速攻対策;無色;ゼニス
DMPC-1177,完成補強の進化カード1177,光/水/闇/火/自然,6,進化クリーチャー,9000,ゴッド/ワールド・コマンド,進化。中盤から終盤の勝ち筋になる。,仮カード;完成補強;進化;フィニッシャー;多色;5色;ロマン;ゴッド
DMPC-1178,完成補強の進化元カード1178,自然,3,クリーチャー,2000,アース・ドラゴン,進化元として使いやすい軽量クリーチャー。,仮カード;完成補強;進化元;低コスト;クリーチャー
DMPC-1179,完成補強の決着カード1179,水,7,クリーチャー,8000,グレートメカオー,W・ブレイカーを持つ大型フィニッシャー。,仮カード;完成補強;フィニッシャー;大型;W・ブレイカー
DMPC-1180,完成補強の連鎖カード1180,闇,5,呪文,,,条件を満たすと踏み倒しや特殊な展開につながる。,仮カード;完成補強;コンボ;踏み倒し;未知性
DMPC-1181,完成補強の初動カード1181,火,2,呪文,,,序盤から攻撃する軽量カード。,仮カード;完成補強;初動;低コスト;速攻
DMPC-1182,完成補強の初動カード1182,光,3,クリーチャー,1000,イニシエート,ブロッカーを持つ軽量防御カード。,仮カード;完成補強;初動;低コスト;ブロッカー;受け札
DMPC-1183,完成補強の除去カード1183,無色,3,呪文,,,相手の小型クリーチャーに干渉する。,仮カード;完成補強;軽量除去;除去;テンポ;無色;ゼニス
DMPC-1184,完成補強の補給カード1184,光/水/闇/火/自然,4,呪文,,,手札や山札を整え、次の展開につなげる。,仮カード;完成補強;ドロー;リソース;手札補充;多色;5色;ロマン
DMPC-1185,完成補強の中核カード1185,自然,5,クリーチャー,4000,ビーストフォーク,中盤の盤面を支えるクリーチャー。,仮カード;完成補強;中速;クリーチャー
DMPC-1186,完成補強の防衛カード1186,水,6,呪文,,,S・トリガー。相手の攻撃を止める防御札。,仮カード;完成補強;S・トリガー;受け札;速攻対策;バウンス
DMPC-1187,完成補強の進化カード1187,闇,6,進化クリーチャー,9000,ドラゴン・ゾンビ,進化。中盤から終盤の勝ち筋になる。,仮カード;完成補強;進化;フィニッシャー;ドラゴン・ゾンビ
DMPC-1188,完成補強の進化元カード1188,火,3,クリーチャー,2000,ファイアー・バード,進化元として使いやすい軽量クリーチャー。,仮カード;完成補強;進化元;低コスト;クリーチャー
DMPC-1189,完成補強の決着カード1189,光,7,クリーチャー,8000,メカ・デル・ソル,W・ブレイカーを持つ大型フィニッシャー。,仮カード;完成補強;フィニッシャー;大型;W・ブレイカー
DMPC-1190,完成補強の連鎖カード1190,無色,5,呪文,,,条件を満たすと踏み倒しや特殊な展開につながる。,仮カード;完成補強;コンボ;踏み倒し;未知性;無色;ゼニス
DMPC-1191,完成補強の初動カード1191,光/水/闇/火/自然,2,呪文,,,山札の上から1枚目をマナゾーンに置く。,仮カード;完成補強;初動;低コスト;マナ加速;多色;5色;ロマン
DMPC-1192,完成補強の初動カード1192,自然,3,クリーチャー,1000,スノーフェアリー,山札の上から1枚目をマナゾーンに置く。,仮カード;完成補強;初動;低コスト;マナ加速
DMPC-1193,完成補強の除去カード1193,水,3,呪文,,,相手の小型クリーチャーに干渉する。,仮カード;完成補強;軽量除去;除去;テンポ
DMPC-1194,完成補強の補給カード1194,闇,4,呪文,,,手札や山札を整え、次の展開につなげる。,仮カード;完成補強;ドロー;リソース;手札補充
DMPC-1195,完成補強の中核カード1195,火,5,クリーチャー,4000,アーマード・ドラゴン,中盤の盤面を支えるクリーチャー。,仮カード;完成補強;中速;クリーチャー
DMPC-1196,完成補強の防衛カード1196,光,6,呪文,,,S・トリガー。相手の攻撃を止める防御札。,仮カード;完成補強;S・トリガー;受け札;速攻対策;タップ
DMPC-1197,完成補強の進化カード1197,無色,6,進化クリーチャー,9000,ゼニス,進化。中盤から終盤の勝ち筋になる。,仮カード;完成補強;進化;フィニッシャー;無色;ゼニス
DMPC-1198,完成補強の進化元カード1198,光/水/闇/火/自然,3,クリーチャー,2000,ゴッド/ワールド・コマンド,進化元として使いやすい軽量クリーチャー。,仮カード;完成補強;進化元;低コスト;クリーチャー;多色;5色;ロマン
DMPC-1199,完成補強の決着カード1199,自然,7,クリーチャー,8000,ドリームメイト,W・ブレイカーを持つ大型フィニッシャー。,仮カード;完成補強;フィニッシャー;大型;W・ブレイカー
DMPC-1200,完成補強の連鎖カード1200,水,5,呪文,,,条件を満たすと踏み倒しや特殊な展開につながる。,仮カード;完成補強;コンボ;踏み倒し;未知性
DMPC-1201,完成補強の初動カード1201,闇,2,呪文,,,相手は自身の手札を1枚捨てる。,仮カード;完成補強;初動;低コスト;ハンデス;妨害
DMPC-1202,完成補強の初動カード1202,火,3,クリーチャー,1000,ドラゴノイド,序盤から攻撃する軽量カード。,仮カード;完成補強;初動;低コスト;速攻
DMPC-1203,完成補強の除去カード1203,光,3,呪文,,,相手の小型クリーチャーに干渉する。,仮カード;完成補強;軽量除去;除去;テンポ
DMPC-1204,完成補強の補給カード1204,無色,4,呪文,,,手札や山札を整え、次の展開につなげる。,仮カード;完成補強;ドロー;リソース;手札補充;無色;ゼニス
DMPC-1205,完成補強の中核カード1205,光/水/闇/火/自然,5,クリーチャー,4000,ゴッド/ワールド・コマンド,中盤の盤面を支えるクリーチャー。,仮カード;完成補強;中速;クリーチャー;多色;5色;ロマン
DMPC-1206,完成補強の防衛カード1206,自然,6,呪文,,,S・トリガー。相手の攻撃を止める防御札。,仮カード;完成補強;S・トリガー;受け札;速攻対策;マナ送り
DMPC-1207,完成補強の進化カード1207,水,6,進化クリーチャー,9000,リヴァイアサン,進化。中盤から終盤の勝ち筋になる。,仮カード;完成補強;進化;フィニッシャー;リヴァイアサン
DMPC-1208,完成補強の進化元カード1208,闇,3,クリーチャー,2000,ゴースト,進化元として使いやすい軽量クリーチャー。,仮カード;完成補強;進化元;低コスト;クリーチャー
DMPC-1209,完成補強の決着カード1209,火,7,クリーチャー,8000,アウトレイジ,W・ブレイカーを持つ大型フィニッシャー。,仮カード;完成補強;フィニッシャー;大型;W・ブレイカー
DMPC-1210,完成補強の連鎖カード1210,光,5,呪文,,,条件を満たすと踏み倒しや特殊な展開につながる。,仮カード;完成補強;コンボ;踏み倒し;未知性
DMPC-1211,完成補強の初動カード1211,無色,2,呪文,,,序盤の動きを安定させる基礎カード。,仮カード;完成補強;初動;低コスト;無色;ゼニス
DMPC-1212,完成補強の初動カード1212,光/水/闇/火/自然,3,クリーチャー,1000,ゴッド/ワールド・コマンド,山札の上から1枚目をマナゾーンに置く。,仮カード;完成補強;初動;低コスト;マナ加速;多色;5色;ロマン
DMPC-1213,完成補強の除去カード1213,自然,3,呪文,,,相手の小型クリーチャーに干渉する。,仮カード;完成補強;軽量除去;除去;テンポ
DMPC-1214,完成補強の補給カード1214,水,4,呪文,,,手札や山札を整え、次の展開につなげる。,仮カード;完成補強;ドロー;リソース;手札補充
DMPC-1215,完成補強の中核カード1215,闇,5,クリーチャー,4000,デーモン・コマンド,中盤の盤面を支えるクリーチャー。,仮カード;完成補強;中速;クリーチャー
DMPC-1216,完成補強の防衛カード1216,火,6,呪文,,,S・トリガー。相手の攻撃を止める防御札。,仮カード;完成補強;S・トリガー;受け札;速攻対策;全体除去
DMPC-1217,完成補強の進化カード1217,光,6,進化クリーチャー,9000,イニシエート,進化。中盤から終盤の勝ち筋になる。,仮カード;完成補強;進化;フィニッシャー;イニシエート
DMPC-1218,完成補強の進化元カード1218,無色,3,クリーチャー,2000,ゼニス,進化元として使いやすい軽量クリーチャー。,仮カード;完成補強;進化元;低コスト;クリーチャー;無色;ゼニス
DMPC-1219,完成補強の決着カード1219,光/水/闇/火/自然,7,クリーチャー,8000,ゴッド/ワールド・コマンド,W・ブレイカーを持つ大型フィニッシャー。,仮カード;完成補強;フィニッシャー;大型;W・ブレイカー;多色;5色;ロマン
DMPC-1220,完成補強の連鎖カード1220,自然,5,呪文,,,条件を満たすと踏み倒しや特殊な展開につながる。,仮カード;完成補強;コンボ;踏み倒し;未知性
DMPC-1221,完成補強の初動カード1221,水,2,呪文,,,カードを1枚引く。,仮カード;完成補強;初動;低コスト;ドロー;リソース
DMPC-1222,完成補強の初動カード1222,闇,3,クリーチャー,1000,ドラゴン・ゾンビ,相手は自身の手札を1枚捨てる。,仮カード;完成補強;初動;低コスト;ハンデス;妨害
DMPC-1223,完成補強の除去カード1223,火,3,呪文,,,相手の小型クリーチャーに干渉する。,仮カード;完成補強;軽量除去;除去;テンポ
DMPC-1224,完成補強の補給カード1224,光,4,呪文,,,手札や山札を整え、次の展開につなげる。,仮カード;完成補強;ドロー;リソース;手札補充
DMPC-1225,完成補強の中核カード1225,無色,5,クリーチャー,4000,ゴッド・ノヴァ,中盤の盤面を支えるクリーチャー。,仮カード;完成補強;中速;クリーチャー;無色;ゼニス
DMPC-1226,完成補強の防衛カード1226,光/水/闇/火/自然,6,呪文,,,S・トリガー。相手の攻撃を止める防御札。,仮カード;完成補強;S・トリガー;受け札;速攻対策;バウンス;除去;全体除去;タップ;マナ送り;多色;5色;ロマン
DMPC-1227,完成補強の進化カード1227,自然,6,進化クリーチャー,9000,スノーフェアリー,進化。中盤から終盤の勝ち筋になる。,仮カード;完成補強;進化;フィニッシャー;スノーフェアリー
DMPC-1228,完成補強の進化元カード1228,水,3,クリーチャー,2000,サイバー・コマンド,進化元として使いやすい軽量クリーチャー。,仮カード;完成補強;進化元;低コスト;クリーチャー
DMPC-1229,完成補強の決着カード1229,闇,7,クリーチャー,8000,グランド・デビル,W・ブレイカーを持つ大型フィニッシャー。,仮カード;完成補強;フィニッシャー;大型;W・ブレイカー
DMPC-1230,完成補強の連鎖カード1230,火,5,呪文,,,条件を満たすと踏み倒しや特殊な展開につながる。,仮カード;完成補強;コンボ;踏み倒し;未知性
DMPC-1231,完成補強の初動カード1231,光,2,呪文,,,ブロッカーを持つ軽量防御カード。,仮カード;完成補強;初動;低コスト;ブロッカー;受け札
DMPC-1232,完成補強の初動カード1232,無色,3,クリーチャー,1000,オラクル,序盤の動きを安定させる基礎カード。,仮カード;完成補強;初動;低コスト;無色;ゼニス
DMPC-1233,完成補強の除去カード1233,光/水/闇/火/自然,3,呪文,,,相手の小型クリーチャーに干渉する。,仮カード;完成補強;軽量除去;除去;テンポ;多色;5色;ロマン
DMPC-1234,完成補強の補給カード1234,自然,4,呪文,,,手札や山札を整え、次の展開につなげる。,仮カード;完成補強;ドロー;リソース;手札補充
DMPC-1235,完成補強の中核カード1235,水,5,クリーチャー,4000,リキッド・ピープル,中盤の盤面を支えるクリーチャー。,仮カード;完成補強;中速;クリーチャー
DMPC-1236,完成補強の防衛カード1236,闇,6,呪文,,,S・トリガー。相手の攻撃を止める防御札。,仮カード;完成補強;S・トリガー;受け札;速攻対策;除去
DMPC-1237,完成補強の進化カード1237,火,6,進化クリーチャー,9000,ドラゴノイド,進化。中盤から終盤の勝ち筋になる。,仮カード;完成補強;進化;フィニッシャー;ドラゴノイド
DMPC-1238,完成補強の進化元カード1238,光,3,クリーチャー,2000,アポロニア・ドラゴン,進化元として使いやすい軽量クリーチャー。,仮カード;完成補強;進化元;低コスト;クリーチャー
DMPC-1239,完成補強の決着カード1239,無色,7,クリーチャー,8000,ゼニス,W・ブレイカーを持つ大型フィニッシャー。,仮カード;完成補強;フィニッシャー;大型;W・ブレイカー;無色;ゼニス
DMPC-1240,完成補強の連鎖カード1240,光/水/闇/火/自然,5,呪文,,,条件を満たすと踏み倒しや特殊な展開につながる。,仮カード;完成補強;コンボ;踏み倒し;未知性;多色;5色;ロマン
DMPC-1241,完成補強の初動カード1241,自然,2,呪文,,,山札の上から1枚目をマナゾーンに置く。,仮カード;完成補強;初動;低コスト;マナ加速
DMPC-1242,完成補強の初動カード1242,水,3,クリーチャー,1000,リヴァイアサン,カードを1枚引く。,仮カード;完成補強;初動;低コスト;ドロー;リソース
DMPC-1243,完成補強の除去カード1243,闇,3,呪文,,,相手の小型クリーチャーに干渉する。,仮カード;完成補強;軽量除去;除去;テンポ
DMPC-1244,完成補強の補給カード1244,火,4,呪文,,,手札や山札を整え、次の展開につなげる。,仮カード;完成補強;ドロー;リソース;手札補充
DMPC-1245,完成補強の中核カード1245,光,5,クリーチャー,4000,エンジェル・コマンド,中盤の盤面を支えるクリーチャー。,仮カード;完成補強;中速;クリーチャー
DMPC-1246,完成補強の防衛カード1246,無色,6,呪文,,,S・トリガー。相手の攻撃を止める防御札。,仮カード;完成補強;S・トリガー;受け札;速攻対策;無色;ゼニス
DMPC-1247,完成補強の進化カード1247,光/水/闇/火/自然,6,進化クリーチャー,9000,ゴッド/ワールド・コマンド,進化。中盤から終盤の勝ち筋になる。,仮カード;完成補強;進化;フィニッシャー;多色;5色;ロマン;ゴッド
DMPC-1248,完成補強の進化元カード1248,自然,3,クリーチャー,2000,アース・ドラゴン,進化元として使いやすい軽量クリーチャー。,仮カード;完成補強;進化元;低コスト;クリーチャー
DMPC-1249,完成補強の決着カード1249,水,7,クリーチャー,8000,グレートメカオー,W・ブレイカーを持つ大型フィニッシャー。,仮カード;完成補強;フィニッシャー;大型;W・ブレイカー
DMPC-1250,完成補強の連鎖カード1250,闇,5,呪文,,,条件を満たすと踏み倒しや特殊な展開につながる。,仮カード;完成補強;コンボ;踏み倒し;未知性
